t1	t2	t3	w1	w2	w3	diff	average	perfect_average	real_average
2	4	3	0.7	0.30000000000000004	0	0.2017091022136137	2.6	2.724	2.801709102213614
2	1	3	1	0	0	-0.08408672648396753	2	1.8	1.9159132735160325
1	4	3	1	0	0	0.3515376570972384	1	1.5999999999999999	1.3515376570972384
4	3	1	0.59	0.41000000000000003	0	-0.18626660941291462	3.59	3.3736000000000006	3.4037333905870852
4	2	3	0.1	0.9	0	0.477512027589837	2.2	2.6279999999999997	2.677512027589837
2	4	1	0.78	0.21999999999999997	0	0.019952635489046244	2.44	2.5496	2.459952635489046
4	3	2	0.65	0.22	0.13	-0.06547161761028208	3.5200000000000005	3.4124	3.4545283823897184
1	3	2	0.24	0.76	0	-0.22566869685184887	2.5200000000000005	2.2208	2.2943313031481516
1	3	2	0.02	0.98	0	-0.3418925360661569	2.96	2.4584000000000006	2.618107463933843
1	3	2	1	0	0	0.456123074164585	1	1.4	1.456123074164585
2	3	1	0.61	0.39	0	0.009339023157980186	2.3899999999999997	2.2936000000000005	2.39933902315798
4	3	1	1	0	0	-0.061253264477844294	4	3.8	3.9387467355221557
2	1	3	0.01	0.13	0.86	-0.2747840233870513	2.73	2.4912	2.4552159766129487
4	1	2	1	0	0	-0.2538863986938775	4	3.4000000000000004	3.7461136013061225
2	3	4	0.63	0.02	0.35	0.023754190212619264	2.7199999999999998	2.7628000000000004	2.743754190212619
2	4	3	0.6	0.08	0.32	0.28174914011115115	2.48	2.7168	2.761749140111151
3	1	4	0.23	0.77	0	0.9557840052072359	1.46	2.0764	2.415784005207236
4	1	3	0.06	0.06	0.88	-0.197438521138253	2.94	2.7104	2.742561478861747
2	1	4	1	0	0	-0.12261069338485364	2	1.8	1.8773893066151464
3	4	1	1	0	0	0.1106008601643369	3	3.2	3.110600860164337
2	3	4	0.58	0.28	0.14	0.09013937212680334	2.56	2.6536000000000004	2.6501393721268034
4	3	1	0.84	0.16000000000000003	0	-0.11943669737668028	3.84	3.6336	3.7205633026233196
2	4	3	1	0	0	0.5212766469976704	2	2.4	2.5212766469976704
4	2	1	0.2	0.8	0	-0.019045262431480303	2.4000000000000004	2.4160000000000004	2.38095473756852
1	3	4	0.75	0.15	0.1	0.013231815165462457	1.6	1.8539999999999999	1.6132318151654625
3	1	4	0.65	0.24	0.11	-0.09469614838057971	2.6300000000000003	2.5336000000000003	2.5353038516194206
4	3	2	0.62	0.38	0	-0.1361293629398599	3.62	3.4808000000000003	3.48387063706014
2	1	4	0.34	0.6599999999999999	0	0.5372784343260406	1.3399999999999999	1.7735999999999998	1.8772784343260405
1	4	2	1	0	0	0.8327833355592467	1	1.5999999999999999	1.8327833355592467
3	1	4	0.42	0.04	0.54	-0.28420139119872445	3.46	3.048	3.1757986088012755
4	1	2	0.27	0.17	0.56	-0.09939379036802798	2.37	2.2788000000000004	2.270606209631972
4	1	3	0.35	0.65	0	0.411950289412248	2.05	2.412	2.461950289412248
3	2	1	1	0	0	-0.32926427741224495	3	2.8000000000000003	2.670735722587755
2	3	1	1	0	0	0.16049001011982789	2	2.2	2.160490010119828
4	1	2	0.91	0.08999999999999997	0	-0.4158563558691397	3.73	3.2452	3.3141436441308603
3	2	1	1	0	0	-0.21904736900372113	3	2.8000000000000003	2.780952630996279
2	4	1	0.27	0.54	0.19	-0.12303379420301885	2.89	2.6000000000000005	2.7669662057969813
3	4	1	0.74	0.26	0	-0.14838141979916752	3.26	3.2104	3.1116185802008323
3	1	4	0.89	0.10999999999999999	0	-0.32941864956202993	2.78	2.5252000000000003	2.45058135043797
2	1	4	0.55	0.44999999999999996	0	0.3177989086175581	1.55	1.782	1.8677989086175582
2	4	1	0.17	0.83	0	-0.599603710694649	3.6599999999999997	2.9644	3.0603962893053507
2	1	3	0.67	0.23	0.1	0.03281882077972642	1.87	1.8288000000000002	1.9028188207797265
2	4	1	1	0	0	0.516633737979161	2	2.4	2.516633737979161
1	2	4	0.5	0.23	0.27	0.057616073036623305	2.04	2.0764000000000005	2.0976160730366233
2	4	1	0.05	0.77	0.18	-0.560582602300264	3.3600000000000003	2.7652	2.7994173976997363
4	1	3	1	0	0	-0.26666404879336625	4	3.4000000000000004	3.7333359512066338
1	4	3	1	0	0	0.47009772761975954	1	1.5999999999999999	1.4700977276197595
2	4	1	0.85	0.08	0.07	0.11685427660036707	2.09	2.3928	2.206854276600367
2	1	4	0.3	0.05	0.65	-0.5652820228941735	3.25	2.8640000000000003	2.6847179771058265
3	2	1	0.48	0.07	0.45	0.0013031539005194936	2.0300000000000002	2.0392	2.0313031539005197
4	3	1	1	0	0	-0.2464190833711939	4	3.8	3.753580916628806
2	4	1	0.25	0.75	0	-0.8465138288541127	3.5	2.91	2.6534861711458873
1	4	3	0.89	0.04	0.07	0.5761658639260794	1.26	1.7724	1.8361658639260794
3	4	2	0.75	0.25	0	0.1105476406717183	3.25	3.2600000000000002	3.3605476406717183
1	4	3	0.45	0.55	0	-0.0522378045398626	2.6500000000000004	2.5460000000000003	2.5977621954601378
1	3	4	1	0	0	0.15054062024363013	1	1.4	1.1505406202436301
4	1	2	1	0	0	-0.7019948237995903	4	3.4000000000000004	3.2980051762004097
3	2	1	0.05	0.95	0	0.11326100215284507	2.05	2.0020000000000002	2.163261002152845
3	1	4	0.7	0.30000000000000004	0	-0.031731503390528104	2.3999999999999995	2.3960000000000004	2.3682684966094714
3	1	4	1	0	0	-0.34129584984525474	3	2.6000000000000005	2.6587041501547453
2	1	3	0.61	0.09	0.3	-0.2034762870312461	2.21	2.0304	2.006523712968754
1	3	4	0.09	0.74	0.17	-0.038698086897121176	2.9899999999999998	2.8896	2.9513019131028786
3	1	2	0.06	0.09	0.85	-0.05805146007585371	1.97	1.8907999999999998	1.9119485399241463
2	3	4	0.4	0.16	0.44	-0.01280443330798331	3.04	3.0208000000000004	3.0271955666920167
1	2	3	0.29	0.07	0.64	-0.12786032037497508	2.35	2.2572	2.222139679625025
1	4	3	0.15	0.26	0.59	-0.0759247641810088	2.96	2.9204	2.884075235818991
2	1	3	0.19	0.78	0.03	0.21435256640840716	1.2500000000000002	1.638	1.4643525664084074
3	1	2	1	0	0	-0.43495560511815246	3	2.6000000000000005	2.5650443948818475
1	4	3	1	0	0	0.4019203640919644	1	1.5999999999999999	1.4019203640919644
2	1	4	1	0	0	-0.11027012134988956	2	1.8	1.8897298786501104
3	4	2	0.84	0.1	0.06	0.16047835897710305	3.04	3.1736	3.200478358977103
1	2	4	1	0	0	0.1878752834991777	1	1.2	1.1878752834991777
2	4	3	1	0	0	0.326068946528709	2	2.4	2.326068946528709
4	2	1	0.05	0.95	0	0.2559234002319566	2.1	2.194	2.3559234002319567
3	2	1	1	0	0	-0.16307280836530236	3	2.8000000000000003	2.8369271916346976
2	3	1	0.25	0.75	0.0	-0.43523757777138217	2.75	2.3800000000000003	2.314762422228618
1	2	4	0.68	0.31999999999999995	0	0.22068766402647055	1.3199999999999998	1.5328	1.5406876640264704
4	3	1	1	0	0	-0.2767925285804833	4	3.8	3.7232074714195167
4	1	3	0.13	0.2	0.67	-0.06323667877285377	2.7300000000000004	2.6404000000000005	2.6667633212271467
3	2	4	0.34	0.17	0.49	-0.14192475105873292	3.3200000000000003	3.1708000000000003	3.1780752489412674
2	4	3	1	0	0	0.7476353777286544	2	2.4	2.7476353777286544
2	1	4	0.71	0.29000000000000004	0	0.05297072717036033	1.71	1.7884	1.7629707271703603
3	2	1	0.78	0.21999999999999997	0	-0.09321064153308667	2.78	2.6152	2.686789358466913
3	1	2	0.77	0.22999999999999998	0	-0.17185630380779493	2.54	2.3516000000000004	2.368143696192205
3	4	2	0.48	0.52	0	-0.1714327917646279	3.52	3.3247999999999998	3.348567208235372
1	2	4	1	0	0	0.14379402989459344	1	1.2	1.1437940298945934
2	3	1	1	0	0	0.1635511158281795	2	2.2	2.1635511158281795
2	3	4	0.26	0.74	0	0.029557541338312898	2.7399999999999998	2.8216	2.7695575413383127
3	2	1	0.65	0.21	0.14	-0.1151479520989338	2.5100000000000002	2.4052000000000002	2.3948520479010664
2	1	4	0.48	0.52	0	0.029558752949639278	1.48	1.7792	1.5095587529496393
4	3	2	0.17	0.17	0.66	0.11843713682674428	2.51	2.6276	2.628437136826744
3	4	1	1	0	0	0.18081295235743822	3	3.2	3.180812952357438
3	2	4	0.82	0.18000000000000005	0	-0.1468671257826717	2.8200000000000003	2.7568000000000006	2.6731328742173286
2	3	4	1	0	0	0.1028354897504733	2	2.2	2.1028354897504733
1	3	2	1	0	0	0.4588071892538219	1	1.4	1.458807189253822
1	4	2	0.29	0.71	0	-0.34494638659540966	3.13	2.6792000000000002	2.7850536134045902
3	2	1	0.81	0.15	0.04	-0.11635417952566174	2.77	2.6116	2.6536458204743383
1	2	4	0.45	0.48	0.07	0.16168389636877967	1.69	1.8644000000000003	1.8516838963687796
2	1	3	0.32	0.6799999999999999	0	0.4394546914604962	1.3199999999999998	1.6367999999999998	1.759454691460496
1	3	2	0.67	0.11	0.22	0.20350948348135045	1.44	1.6772	1.6435094834813504
3	1	4	1	0	0	-0.5686720177326898	3	2.6000000000000005	2.43132798226731
4	1	2	0.19	0.01	0.8	-0.15638185435938556	2.37	2.1988000000000003	2.2136181456406145
2	3	4	1.0	0.0	0	0.050898761142092575	2.0	2.2	2.0508987611420926
3	1	2	0.33	0.59	0.08	0.12723187480856146	1.74	1.9052	1.8672318748085615
4	1	3	0.9	0.09999999999999998	0	-0.9771348177934955	3.7	3.248	2.7228651822065046
1	4	2	0.02	0.07	0.91	0.2675250833820142	2.12	2.3252	2.3875250833820143
1	2	4	0.02	0.03	0.95	-0.2766578098688184	3.88	3.4732	3.6033421901311815
4	2	1	1	0	0	-0.26884685461490676	4	3.6	3.7311531453850932
4	3	1	0.89	0.04	0.07	-0.18737676410410087	3.75	3.5931999999999995	3.562623235895899
4	2	3	0.29	0.71	0	0.3643150383024256	2.58	2.8331999999999997	2.9443150383024257
2	1	4	0.24	0.36	0.4	-0.018897250800921306	2.44	2.4416	2.4211027491990786
4	2	3	1	0	0	-0.2711280142406274	4	3.6	3.7288719857593726
4	1	3	0.6	0.4	0	0.11870804703717974	2.8	2.792	2.9187080470371796
3	4	1	0.93	0.06	0.01	0.10543341490488434	3.04	3.1860000000000004	3.1454334149048844
2	4	1	0.79	0.05	0.16	0.3399854758000238	1.94	2.2931999999999997	2.2799854758000238
3	4	2	0.57	0.07	0.36	0.3372978332473915	2.71	2.9143999999999997	3.0472978332473915
3	2	4	0.06	0.94	0	0.7629340615572793	2.06	2.5744000000000002	2.8229340615572793
1	2	3	0.96	0.040000000000000036	0	0.08147360720664643	1.04	1.2336	1.1214736072066465
3	4	2	1	0	0	0.1872854188389006	3	3.2	3.1872854188389006
2	1	4	1	0	0	-0.18682115136785793	2	1.8	1.813178848632142
4	2	3	0.82	0.18000000000000005	0	-0.20544352268822896	3.6399999999999997	3.4056	3.4345564773117707
4	1	3	0.59	0.41000000000000003	0	-0.09822294775413587	2.77	2.7768	2.671777052245864
4	3	2	0.21	0.64	0.15	-0.0018693653620744932	3.0599999999999996	3.0284	3.058130634637925
4	1	2	0.65	0.14	0.21	-0.3295897282321545	3.16	2.8484000000000003	2.8304102717678457
2	1	3	0.84	0.16	0.0	-0.005137789058690334	1.8399999999999999	1.7616	1.8348622109413095
3	2	4	1	0	0	-0.2609949302431249	3	2.8000000000000003	2.739005069756875
3	2	1	0.04	0.96	0	-0.031140653170675492	2.04	1.9936000000000003	2.0088593468293245
4	2	3	0.73	0.01	0.26	-0.3059490525168589	3.7199999999999998	3.402	3.414050947483141
1	4	3	1	0	0	0.16842988338265652	1	1.5999999999999999	1.1684298833826565
2	1	4	1	0	0	-0.2705940507769462	2	1.8	1.7294059492230538
4	1	2	0.39	0.61	0	0.18378828440443806	2.17	2.3508000000000004	2.353788284404438
2	3	1	0.54	0.45999999999999996	0	-0.18081422108456557	2.46	2.3104000000000005	2.2791857789154344
3	1	2	0.48	0.22	0.3	-0.1217915851788205	2.26	2.1464000000000003	2.1382084148211793
4	1	2	0.09	0.91	0	0.708887441190629	1.27	1.8348	1.978887441190629
4	2	3	0.99	0.010000000000000009	0	-0.2959258905087667	3.98	3.5892	3.6840741094912333
2	4	3	1	0	0	0.22432458203365613	2	2.4	2.224324582033656
2	4	1	0.4	0.6	0	-0.380635646382955	3.2	2.808	2.819364353617045
3	1	4	1	0	0	-0.41553585698002227	3	2.6000000000000005	2.5844641430199777
3	4	2	0.42	0.5800000000000001	0	-0.4226655433216857	3.58	3.3392000000000004	3.1573344566783144
2	1	3	0.39	0.03	0.58	-0.3094483449066674	2.55	2.28	2.2405516550933324
4	1	3	0.3	0.7	0	0.48208816178049707	1.9	2.336	2.382088161780497
2	3	4	0.93	0.06999999999999995	0	0.23228038931901374	2.07	2.2588	2.3022803893190136
2	3	1	1	0	0	0.20672889283202656	2	2.2	2.2067288928320266
4	2	1	0.92	0.07999999999999996	0	-0.6167391203606543	3.84	3.4816000000000003	3.2232608796393456
2	3	4	1	0	0	0.2945503181735942	2	2.2	2.2945503181735942
1	3	4	1	0	0	0.561548099360295	1	1.4	1.561548099360295
4	1	2	1	0	0	-0.48513565680716164	4	3.4000000000000004	3.5148643431928384
3	2	1	0.09	0.91	0	0.0829657946082647	2.09	2.0356000000000005	2.1729657946082646
2	3	1	0.82	0.07	0.11	0.13318003536216194	1.96	2.1244	2.093180035362162
4	3	2	0.95	0.05	0.0	-0.149742774634392	3.9499999999999997	3.758	3.8002572253656077
3	4	2	0.3	0.7	0	-0.37209030193883263	3.6999999999999997	3.368	3.327909698061167
1	2	3	0.21	0.79	0	0.03998675478211977	1.79	1.8636000000000001	1.8299867547821198
1	3	4	0.15	0.13	0.72	-0.06458930804768759	3.42	3.2628	3.3554106919523123
3	4	2	1	0	0	0.31614532859643774	3	3.2	3.3161453285964377
3	2	1	0.29	0.71	0	0.010188749331190738	2.29	2.2036000000000002	2.3001887493311908
2	1	4	1.0	0.0	0	-0.18875756630504892	2.0	1.8	1.811242433694951
1	2	4	1	0	0	0.04148444429354292	1	1.2	1.041484444293543
1	4	2	1	0	0	0.4356899527430991	1	1.5999999999999999	1.435689952743099
2	1	4	1	0	0	-0.18749449969616094	2	1.8	1.812505500303839
2	3	1	1	0	0	0.27593528551277213	2	2.2	2.275935285512772
4	3	1	1	0	0	-0.3601251734013209	4	3.8	3.639874826598679
2	1	4	0.97	0.01	0.02	-0.19508123685161305	2.03	1.8324	1.8349187631483868
1	2	4	0.92	0.07999999999999996	0	0.36828393343695165	1.08	1.2832	1.4482839334369517
3	2	1	0.47	0.4	0.13	-0.06345737209663094	2.34	2.2612	2.276542627903369
1	2	4	0.9	0.09999999999999998	0	0.1422578301709252	1.1	1.304	1.2422578301709253
2	3	1	1	0	0	0.1843545757078191	2	2.2	2.184354575707819
3	1	4	0.1	0.64	0.26	0.368468047578804	1.98	2.3936	2.348468047578804
2	1	3	1	0	0	-0.23828697344546068	2	1.8	1.7617130265545393
1	2	3	1	0	0	0.2541401717674838	1	1.2	1.2541401717674838
2	1	4	1	0	0	-0.08810279879347549	2	1.8	1.9118972012065245
1	3	2	0.1	0.7	0.2	-0.16145441796692817	2.5999999999999996	2.3000000000000003	2.4385455820330715
4	2	3	0.03	0.67	0.3	0.13604566243130112	2.36	2.6604	2.496045662431301
3	1	2	1	0	0	-0.2017089779017911	3	2.6000000000000005	2.798291022098209
4	2	1	1	0	0	-0.4280297811675746	4	3.6	3.5719702188324254
3	4	1	0.39	0.61	0	-0.34480625873045456	3.61	3.2244	3.2651937412695453
1	4	2	0.55	0.11	0.34	0.25912197319484687	1.67	1.9984000000000002	1.9291219731948468
3	2	1	0.46	0.26	0.28	-0.014734827396772232	2.18	2.1448000000000005	2.165265172603228
4	1	2	0.67	0.29	0.04	-0.17715367376466684	3.0500000000000003	2.8420000000000005	2.8728463262353334
4	2	1	0.33	0.54	0.13	-0.06021291825797537	2.5300000000000002	2.4992	2.469787081742025
3	1	4	1	0	0	-0.6378105890525676	3	2.6000000000000005	2.3621894109474324
3	1	2	0.84	0.15	0.01	-0.2391465671599886	2.69	2.4308	2.4508534328400113
2	3	4	0.69	0.26	0.05	0.1414812100054692	2.3600000000000003	2.4964	2.5014812100054695
3	4	2	1	0	0	0.044065627743776314	3	3.2	3.0440656277437763
1	4	3	0.31	0.69	0	-0.19686582357263394	3.07	2.7868	2.873134176427366
3	1	2	1	0	0	-0.5577726694738692	3	2.6000000000000005	2.442227330526131
3	4	1	0.6	0.26	0.14	0.11463297944480377	2.98	2.9808	3.0946329794448038
3	1	2	1	0	0	-0.41247509078006717	3	2.6000000000000005	2.587524909219933
3	1	2	1	0	0	-0.7160728445109661	3	2.6000000000000005	2.283927155489034
4	3	1	0.5	0.5	0	-0.3493666604557366	3.5	3.2800000000000002	3.1506333395442634
1	2	4	1	0	0	0.33213436302547583	1	1.2	1.3321343630254758
4	3	1	0.86	0.08	0.06	-0.09163216076291425	3.7399999999999998	3.5751999999999997	3.6483678392370855
2	3	1	1	0	0	0.329595140990691	2	2.2	2.329595140990691
1	3	2	0.82	0.18000000000000005	0	0.1804130883649988	1.36	1.5944	1.540413088364999
3	4	2	0.48	0.52	0	-0.23329041469921963	3.52	3.3247999999999998	3.2867095853007804
1	2	3	1	0	0	0.329216203741457	1	1.2	1.329216203741457
3	2	1	0.74	0.26	0	-0.05316698113459406	2.7399999999999998	2.5816	2.6868330188654057
1	2	4	1	0	0	0.39311141955246276	1	1.2	1.3931114195524628
1	3	2	0.8	0.07	0.13	0.09096602010094124	1.27	1.5692	1.3609660201009413
2	4	3	0.46	0.54	0	-0.08141729805186415	3.08	2.9832000000000005	2.998582701948136
4	2	3	0.63	0.12	0.25	-0.20613412835335332	3.51	3.2904000000000004	3.3038658716466465
3	4	1	0.5	0.23	0.27	0.06202736762816308	2.69	2.7664	2.752027367628163
2	3	4	0.86	0.13	0.01	0.21922324293404083	2.15	2.3248	2.3692232429340407
3	2	1	1	0	0	-0.22072695915395357	3	2.8000000000000003	2.7792730408460464
4	1	2	0.51	0.2	0.29	-0.11243473577895413	2.8200000000000003	2.6268000000000002	2.707565264221046
2	1	4	0.97	0.01	0.02	-0.11891753489415025	2.03	1.8324	1.9110824651058496
1	2	4	0.22	0.5	0.28	-0.0006722347063981005	2.34	2.3808000000000002	2.3393277652936018
1	3	4	0.04	0.81	0.15	-0.20172694442847527	3.0700000000000003	2.9468000000000005	2.868273055571525
3	4	1	0.85	0.15	0.0	0.01702076862911861	3.15	3.2060000000000004	3.1670207686291185
3	1	2	1	0	0	-0.5465999377192117	3	2.6000000000000005	2.4534000622807883
4	2	3	0.06	0.4	0.54	0.15689358926086516	2.66	2.7792000000000003	2.8168935892608653
4	2	3	1	0	0	-0.5154686488326714	4	3.6	3.4845313511673286
4	1	3	0.37	0.63	0	0.37130458327918836	2.11	2.4424	2.4813045832791882
1	2	3	0.36	0.02	0.62	-0.01941492738229078	2.26	2.184	2.240585072617709
4	2	3	1	0	0	-0.2566298650165928	4	3.6	3.743370134983407
1	2	4	0.73	0.17	0.1	0.16815116880192815	1.4700000000000002	1.6128000000000002	1.6381511688019283
4	3	1	0.52	0.42	0.06	-0.19254341461765856	3.4	3.2216	3.2074565853823414
3	2	4	0.75	0.25	0	0.04347792349775803	2.75	2.74	2.793477923497758
1	4	2	0.46	0.28	0.26	0.16063093514137616	2.1	2.2024000000000004	2.2606309351413763
4	1	3	0.67	0.32999999999999996	0	0.13376439765358805	3.0100000000000002	2.8984000000000005	3.1437643976535883
1	4	2	0.72	0.18	0.1	0.4890977282176878	1.64	1.9416	2.1290977282176877
2	1	3	1	0	0	-0.041504142938864064	2	1.8	1.958495857061136
1	3	2	1	0	0	0.34732325301220546	1	1.4	1.3473232530122055
3	2	4	0.03	0.48	0.49	0.1473687069775158	3.01	3.0964	3.1573687069775156
2	3	4	0.26	0.74	0	0.035716057591556716	2.7399999999999998	2.8216	2.7757160575915565
3	4	1	0.03	0.1	0.87	0.19788137625606694	1.3599999999999999	1.7771999999999997	1.5578813762560668
4	2	1	0.57	0.41	0.02	-0.1777936854793074	3.1199999999999997	2.9467999999999996	2.9422063145206923
2	4	3	1	0	0	0.35587524533679415	2	2.4	2.355875245336794
3	2	4	0.83	0.17000000000000004	0	0.012637252478170602	2.83	2.7592000000000003	2.8426372524781707
4	1	3	0.59	0.19	0.22	-0.14733436324715266	3.21	2.9616	3.0626656367528473
1	2	4	0.37	0.22	0.41	0.022438613504827565	2.45	2.3964	2.4724386135048277
2	3	4	1	0	0	0.013127513459123996	2	2.2	2.013127513459124
4	2	1	1	0	0	-0.33137613399594645	4	3.6	3.6686238660040535
1	4	3	1	0	0	0.889921933479358	1	1.5999999999999999	1.889921933479358
1	4	3	0.2	0.42	0.38	-0.12306564733863956	3.02	2.8848000000000003	2.8969343526613605
3	4	2	0.15	0.08	0.77	0.31363183833764774	2.31	2.5724	2.623631838337648
1	3	4	1	0	0	0.591009791918321	1	1.4	1.591009791918321
2	1	4	0.96	0.040000000000000036	0	-0.027088503640404715	1.96	1.7984	1.9329114963595952
4	1	3	1	0	0	-0.8320464055818872	4	3.4000000000000004	3.1679535944181128
2	4	1	0.87	0.13	0.0	0.23973953565190165	2.26	2.4884	2.4997395356519014
2	1	4	0.91	0.08999999999999997	0	-0.05277592700608613	1.9100000000000001	1.7964	1.857224072993914
1	2	4	1	0	0	0.2951921453070696	1	1.2	1.2951921453070696
1	3	2	0.06	0.91	0.03	-0.49038316309374963	2.85	2.4044000000000008	2.3596168369062505
3	1	2	1	0	0	-0.5989236903524131	3	2.6000000000000005	2.401076309647587
4	1	2	1	0	0	-0.379728273063765	4	3.4000000000000004	3.620271726936235
3	2	4	0.48	0.47	0.05	0.22605855207997028	2.58	2.7292	2.8060585520799703
3	2	1	0.09	0.76	0.15	-0.06670737546617667	1.94	1.9276000000000002	1.8732926245338233
4	1	2	0.64	0.36	0	0.049410616625706894	2.92	2.7808	2.969410616625707
3	1	4	0.54	0.45	0.01	0.24047162971407499	2.1100000000000003	2.3028000000000004	2.3504716297140753
4	1	3	1	0	0	-0.5547786959136927	4	3.4000000000000004	3.4452213040863073
2	3	1	0.17	0.7	0.13	-0.41603868324126125	2.5699999999999994	2.2588000000000004	2.153961316758738
2	4	3	0.34	0.62	0.04	-0.24910439648252058	3.2800000000000002	3.0984000000000003	3.0308956035174797
1	3	4	0.64	0.36	0	0.12621620084851526	1.7200000000000002	1.9328	1.8462162008485155
3	2	4	0.23	0.77	0	0.20333314753876808	2.23	2.6152	2.433333147538768
4	1	3	1	0	0	-0.6195098012057856	4	3.4000000000000004	3.3804901987942144
4	1	3	0.62	0.38	0	-0.1169806913461291	2.86	2.8224	2.743019308653871
2	3	4	1	0	0	0.22585717444093056	2	2.2	2.2258571744409306
4	3	1	0.87	0.04	0.09	-0.1469350164374661	3.69	3.546	3.543064983562534
4	2	3	1	0	0	-0.6115180937100062	4	3.6	3.388481906289994
3	2	4	1	0	0	-0.09317061353853351	3	2.8000000000000003	2.9068293864614665
4	1	3	1	0	0	-0.39589079743565936	4	3.4000000000000004	3.6041092025643406
4	1	2	0.74	0.15	0.11	-0.5040203539191372	3.33	2.9791999999999996	2.825979646080863
4	2	1	0.2	0.09	0.71	0.1839184384411532	1.69	1.8195999999999999	1.8739184384411531
2	4	3	0.22	0.78	0	-0.2728521445753862	3.56	3.2424000000000004	3.287147855424614
3	1	2	0.88	0.12	0	-0.3716206405765323	2.7600000000000002	2.4704000000000006	2.388379359423468
2	4	1	0.06	0.27	0.67	0.008879725976893349	1.87	1.9940000000000002	1.8788797259768935
4	3	2	0.3	0.7	0	-0.041853588940520936	3.3	3.2119999999999997	3.258146411059479
3	4	1	0.7	0.30000000000000004	0	-0.21835513993291045	3.3	3.2119999999999997	3.0816448600670894
4	1	3	0.75	0.25	0	-0.169069563804769	3.25	3.0200000000000005	3.080930436195231
2	1	4	1	0	0	-0.22278705693291934	2	1.8	1.7772129430670807
4	1	3	1	0	0	-0.3406898379023531	4	3.4000000000000004	3.659310162097647
4	1	2	0.26	0.03	0.71	-0.15591335017496366	2.49	2.2976	2.3340866498250366
3	1	4	0.28	0.72	0	0.5251280153443538	1.56	2.1104	2.085128015344354
3	2	4	0.07	0.9299999999999999	0	0.516158680014764	2.07	2.5768	2.586158680014764
4	2	1	0.95	0.050000000000000044	0	-0.5580704613405203	3.9	3.526	3.3419295386594796
4	2	3	0.62	0.19	0.19	-0.09901054583615476	3.4299999999999997	3.2580000000000005	3.330989454163845
3	2	1	1	0	0	-0.2884889495900964	3	2.8000000000000003	2.7115110504099036
2	1	3	0.61	0.39	0	0.03440209021386176	1.6099999999999999	1.7064	1.6444020902138616
1	2	4	1	0	0	0.06480801095442645	1	1.2	1.0648080109544265
1	2	3	0.96	0.040000000000000036	0	0.064973469170446	1.04	1.2336	1.104973469170446
1	3	2	1	0	0	0.3526690115147586	1	1.4	1.3526690115147586
3	2	1	0.34	0.29	0.37	6.5358378131819e-07	1.9700000000000002	1.9792	1.9700006535837815
1	2	3	0.84	0.16000000000000003	0	0.11198860627095897	1.1600000000000001	1.3344	1.271988606270959
3	2	4	0.19	0.27	0.54	-0.0371775272977839	3.2700000000000005	3.1888000000000005	3.2328224727022166
4	3	1	0.68	0.31999999999999995	0	-0.12387119611782849	3.68	3.4672	3.5561288038821717
2	1	3	0.74	0.03	0.23	-0.28931147057770823	2.2	1.9860000000000002	1.910688529422292
3	2	4	1	0	0	-0.17801536276989705	3	2.8000000000000003	2.821984637230103
2	1	3	0.47	0.46	0.07	0.1789151578248509	1.6099999999999999	1.7484	1.7889151578248508
3	4	1	0.65	0.16	0.19	0.0637113360542867	2.7800000000000002	2.8948	2.843711336054287
1	4	2	0.07	0.62	0.31	-0.2894491590648407	3.17	2.7532000000000005	2.8805508409351592
1	2	3	1	0	0	0.16197587352615184	1	1.2	1.1619758735261518
3	1	2	0.18	0.8200000000000001	0	0.23447493935788155	1.36	1.7144	1.5944749393578816
4	3	2	0.47	0.53	0	-0.05346772702368341	3.4699999999999998	3.3548	3.4165322729763163
3	4	2	1.0	0.0	0	0.09358923897975835	3.0	3.2	3.0935892389797583
1	2	4	1	0	0	0.10908514644848033	1	1.2	1.1090851464484803
4	2	1	0.29	0.71	0	-0.2610956480420068	2.58	2.5492	2.3189043519579933
1	4	3	0.38	0.51	0.11	-0.0673832524758442	2.75	2.64	2.682616747524156
1	4	3	0.4	0.26	0.34	0.06691783776692883	2.46	2.5504000000000002	2.526917837766929
4	3	2	0.12	0.37	0.51	0.11784682798189117	2.61	2.6936	2.727846827981891
2	3	4	1	0	0	0.05297080483483274	2	2.2	2.0529708048348327
2	4	3	0.84	0.04	0.12	0.21056982873763364	2.1999999999999997	2.5296000000000003	2.4105698287376334
2	1	4	1	0	0	-0.41036902039553524	2	1.8	1.5896309796044648
3	4	2	0.67	0.12	0.21	0.05427603571868156	2.91	3.0524	2.9642760357186817
2	1	4	0.4	0.29	0.31	-0.03639883810559663	2.33	2.2968	2.2936011618944034
1	3	4	1	0	0	0.36915429390060117	1	1.4	1.3691542939006012
4	1	2	0.63	0.08	0.29	-0.46247694171227005	3.18	2.8332	2.71752305828773
1	3	2	0.14	0.18	0.68	0.051464759305985375	2.04	2.0840000000000005	2.0914647593059854
2	1	4	1	0	0	-0.16365447684325152	2	1.8	1.8363455231567485
1	3	2	1	0	0	0.0	1	1.4	1.0
4	2	1	0.73	0.27	0	-0.09564202143251466	3.46	3.2004	3.3643579785674853
3	4	1	0.66	0.33999999999999997	0	-0.1282521689283218	3.34	3.2136	3.211747831071678
2	4	1	0.94	0.06000000000000005	0	0.34302526020047575	2.12	2.4408	2.463025260200476
4	1	3	1	0	0	-0.7606324374959965	4	3.4000000000000004	3.2393675625040035
2	1	3	1	0	0	-0.11187928026291782	2	1.8	1.8881207197370822
4	2	3	0.95	0.04	0.01	-0.5670905410955527	3.9099999999999997	3.5496	3.342909458904447
2	4	1	1	0	0	0.2823729032693105	2	2.4	2.2823729032693105
1	3	2	1	0	0	0.47429368921854764	1	1.4	1.4742936892185476
3	1	2	1	0	0	-0.46849238944207583	3	2.6000000000000005	2.531507610557924
1	3	4	0.38	0.62	0	0.10572719334493019	2.2399999999999998	2.3176	2.34572719334493
2	1	3	0.72	0.09	0.19	-0.1113569499978393	2.1	1.938	1.9886430500021608
1	4	3	0.82	0.17	0.01	0.382001187700179	1.53	1.9071999999999998	1.912001187700179
3	1	2	0.13	0.87	0	0.24129973882503042	1.26	1.6603999999999999	1.5012997388250304
4	3	1	0.62	0.33	0.05	-0.28420494873617086	3.5199999999999996	3.3388	3.2357950512638287
3	1	2	1	0	0	-0.2813994474227961	3	2.6000000000000005	2.718600552577204
1	3	2	0.71	0.1	0.19	0.24712519209795314	1.3900000000000001	1.6448	1.6371251920979533
2	1	4	0.19	0.5	0.31	0.24964750612178266	2.12	2.2884	2.3696475061217828
1	4	2	0.38	0.29	0.33	0.07270688630134003	2.2	2.2652	2.27270688630134
4	1	3	0.17	0.83	0	0.5881115696770334	1.51	2.1384	2.0981115696770334
3	2	4	0.23	0.77	0	0.5658091887210941	2.23	2.6152	2.795809188721094
4	3	2	0.06	0.94	0	-0.15382951118997212	3.0599999999999996	3.0104000000000006	2.9061704888100275
2	3	1	0.82	0.18000000000000005	0	0.12044761621824929	2.18	2.2432000000000003	2.3004476162182494
1	3	2	0.58	0.17	0.25	0.2151669924981161	1.5899999999999999	1.7636	1.805166992498116
4	3	1	0.15	0.05	0.8	0.11729625243626995	1.55	1.8599999999999999	1.66729625243627
4	3	2	1	0	0	-0.36076550321855017	4	3.8	3.63923449678145
4	1	2	0.77	0.22999999999999998	0	-0.6439856000681266	3.31	3.0044000000000004	2.6660143999318735
2	1	3	0.31	0.37	0.32	0.029800749504379054	1.95	1.98	1.979800749504379
3	2	4	0.18	0.8200000000000001	0	0.6025350042456932	2.18	2.6032	2.7825350042456933
1	2	4	1	0	0	0.16610696282147597	1	1.2	1.166106962821476
4	2	1	0.12	0.76	0.12	0.16300292262149663	2.12	2.1968	2.2830029226214967
4	2	3	0.18	0.8200000000000001	0	0.4357900035193145	2.3600000000000003	2.7144	2.795790003519315
2	4	3	0.81	0.18999999999999995	0	0.31043887088745414	2.38	2.6052	2.690438870887454
2	4	1	0.4	0.2	0.4	0.2351288783001264	2.0	2.184	2.2351288783001264
1	4	2	0.8	0.19999999999999996	0	0.14792477837538365	1.5999999999999999	1.904	1.7479247783753835
2	4	1	0.97	0.030000000000000027	0	0.4857825191641192	2.06	2.4204	2.5457825191641192
3	2	1	0.84	0.16000000000000003	0	-0.1083218132823407	2.84	2.6656000000000004	2.731678186717659
3	4	2	1	0	0	0.20787044295941115	3	3.2	3.207870442959411
2	4	3	1	0	0	0.3186499627792907	2	2.4	2.3186499627792907
2	1	3	1	0	0	-0.20149955387887397	2	1.8	1.798500446121126
4	1	3	0.85	0.15000000000000002	0	-0.3079445322527805	3.55	3.172	3.2420554677472193
2	4	1	0.39	0.61	0	-0.42894709979392376	3.2199999999999998	2.8148	2.791052900206076
4	3	2	1	0	0	0.0	4	3.8	4.0
4	3	1	0.51	0.49	0	-0.29647848563327495	3.51	3.2904	3.213521514366725
2	4	3	0.65	0.35	0	0.025508915839536517	2.7	2.778	2.7255089158395367
4	1	2	1	0	0	-0.48867917890904033	4	3.4000000000000004	3.5113208210909597
1	3	4	0.77	0.22999999999999998	0	0.14418946664958177	1.46	1.7403999999999997	1.6041894666495817
1	4	2	0.81	0.1	0.09	0.45547786306197136	1.39	1.8132000000000001	1.8454778630619713
4	1	3	0.33	0.6699999999999999	0	0.601310895307033	1.99	2.3815999999999997	2.591310895307033
1	2	3	0.97	0.030000000000000027	0	0.32548273656811344	1.03	1.2252	1.3554827365681135
3	2	1	0.29	0.51	0.2	0.00991560017408677	2.09	2.0596000000000005	2.0999156001740866
1	4	3	0.77	0.22999999999999998	0	0.5181795193317176	1.69	1.9956	2.2081795193317175
2	4	1	0.31	0.69	0	-0.5009907740770325	3.38	2.8692	2.8790092259229674
1	2	4	0.76	0.1	0.14	0.19261352949164467	1.52	1.6343999999999999	1.7126135294916447
2	3	1	0.83	0.17000000000000004	0	0.08907723458148098	2.17	2.2408	2.259077234581481
1	4	3	0.38	0.02	0.6	0.32898442258508176	2.26	2.5223999999999998	2.5889844225850815
1	2	3	1	0	0	0.13902542359126224	1	1.2	1.1390254235912622
1	2	3	0.16	0.84	0	0.06697401022673688	1.8399999999999999	1.9056	1.9069740102267367
3	4	1	1	0	0	0.08841280336304758	3	3.2	3.0884128033630476
3	4	2	0.39	0.61	0	-0.11152477866321009	3.61	3.3464	3.49847522133679
2	4	1	0.17	0.83	0	-0.715074011754949	3.6599999999999997	2.9644	2.9449259882450507
1	3	4	1	0	0	0.13539618044174428	1	1.4	1.1353961804417443
2	4	1	0.48	0.19	0.33	0.1873819357636899	2.05	2.2388000000000003	2.2373819357636897
4	2	3	0.15	0.71	0.14	0.23064683235456096	2.44	2.7323999999999997	2.670646832354561
3	1	2	1	0	0	-0.3171369403062707	3	2.6000000000000005	2.6828630596937293
3	4	2	0.82	0.18000000000000005	0	-0.029470172764745062	3.18	3.2432000000000003	3.150529827235255
2	4	3	0.23	0.77	0	-0.1592235522775578	3.54	3.2316000000000003	3.3807764477224422
1	3	2	0.72	0.28	0	0.16734612225050238	1.56	1.7024000000000004	1.7273461222505024
1	3	2	0.68	0.31999999999999995	0	0.21093685030753462	1.64	1.7456	1.8509368503075345
2	1	3	0.3	0.33	0.37	-0.006205521295276295	2.04	2.0316	2.0337944787047237
1	4	3	1	0	0	0.07696040737051124	1	1.5999999999999999	1.0769604073705112
4	2	3	1	0	0	-0.33982267525694176	4	3.6	3.6601773247430582
2	1	3	0.53	0.47	0	0.2582065329127923	1.53	1.6871999999999998	1.7882065329127923
1	4	2	0.01	0.01	0.98	0.45601565038745484	2.01	2.2816000000000005	2.4660156503874546
2	4	3	1	0	0	0.00671372514282309	2	2.4	2.006713725142823
1	2	3	0.28	0.2	0.52	-0.0584748778364923	2.24	2.1792000000000002	2.181525122163508
2	3	1	0.46	0.54	0	-0.2040724726188241	2.54	2.3296000000000006	2.335927527381176
4	2	3	0.7	0.15	0.15	-0.1484961282808186	3.55	3.33	3.4015038717191812
1	3	2	0.54	0.27	0.19	0.08920627134200876	1.73	1.8284000000000002	1.8192062713420087
3	1	2	0.16	0.02	0.82	-0.14937191345913448	2.1399999999999997	1.988	1.9906280865408652
1	2	4	1	0	0	0.2645161331671737	1	1.2	1.2645161331671737
2	3	1	0.97	0.02	0.01	0.07596203161012216	2.01	2.1963999999999997	2.085962031610122
2	3	4	0.7	0.03	0.27	0.07171578030756542	2.5700000000000003	2.6464	2.6417157803075657
1	4	2	1	0	0	0.43343934087055414	1	1.5999999999999999	1.4334393408705541
3	4	1	1	0	0	0.15577573119048038	3	3.2	3.1557757311904804
3	2	4	0.09	0.91	0	0.7034229871685778	2.09	2.5816	2.7934229871685776
2	3	1	0.45	0.55	0	-0.297576586837601	2.5500000000000003	2.3320000000000003	2.2524234131623992
4	1	2	1	0	0	-0.4080066643308511	4	3.4000000000000004	3.591993335669149
4	1	2	1	0	0	-1.1962029965581107	4	3.4000000000000004	2.8037970034418893
2	1	4	0.64	0.01	0.35	-0.3250154524174613	2.69	2.3736	2.3649845475825386
1	4	3	0.17	0.36	0.47	-0.20685109360222143	3.0199999999999996	2.9148	2.813148906397778
3	1	4	1	0	0	-0.42346276808647243	3	2.6000000000000005	2.5765372319135276
4	3	2	0.5	0.5	0	-0.1431407876129258	3.5	3.38	3.356859212387074
2	4	1	0.79	0.17	0.04	0.2571769488632554	2.3000000000000003	2.4804	2.5571769488632556
3	1	2	0.97	0.03	0.0	-0.39747877642589646	2.94	2.5676	2.5425212235741035
3	4	2	0.01	0.86	0.13	-0.5607859959856683	3.7299999999999995	3.2971999999999997	3.1692140040143313
2	4	1	1	0	0	0.17330851232031996	2	2.4	2.17330851232032
3	1	4	1	0	0	-0.12140863529892432	3	2.6000000000000005	2.8785913647010757
2	4	3	0.4	0.12	0.48	0.1974166013108487	2.7199999999999998	2.8752	2.9174166013108485
1	3	2	0.73	0.22	0.05	0.32337681878146207	1.4900000000000002	1.6736000000000002	1.8133768187814623
3	2	1	1	0	0	-0.2554363593499378	3	2.8000000000000003	2.744563640650062
4	3	1	0.2	0.06	0.74	0.19459591131297027	1.72	1.9911999999999999	1.9145959113129702
2	4	1	0.05	0.77	0.18	-0.8210246072622405	3.3600000000000003	2.7652	2.53897539273776
2	1	4	0.94	0.06000000000000005	0	-0.06291645406985413	1.94	1.7976	1.8770835459301458
3	1	4	1	0	0	-0.3962233666228636	3	2.6000000000000005	2.6037766333771364
4	2	3	1	0	0	-0.23590433376608821	4	3.6	3.764095666233912
3	2	1	0.63	0.23	0.14	-0.12088325621135798	2.49	2.3884000000000003	2.3691167437886422
4	3	1	1	0	0	-0.19473424751238833	4	3.8	3.8052657524876117
2	4	3	1	0	0	0.6374627649262679	2	2.4	2.637462764926268
1	2	4	0.97	0.030000000000000027	0	0.15831814278483036	1.03	1.2312	1.1883181427848304
2	3	1	1	0	0	0.1876350550887631	2	2.2	2.187635055088763
2	1	3	1	0	0	-0.18240594789451148	2	1.8	1.8175940521054885
3	2	1	1	0	0	-0.2904574728353606	3	2.8000000000000003	2.7095425271646394
1	3	4	1	0	0	0.18410984091582772	1	1.4	1.1841098409158277
3	2	1	1	0	0	-0.2117639060559453	3	2.8000000000000003	2.7882360939440547
2	3	4	1	0	0	0.14391411709179192	2	2.2	2.143914117091792
4	3	1	0.89	0.11	0.0	-0.09201808566756897	3.89	3.6856	3.797981914332431
2	1	3	1	0	0	-0.16776450971653212	2	1.8	1.8322354902834679
3	4	2	1	0	0	0.17817813773391356	3	3.2	3.1781781377339136
2	1	4	0.24	0.76	0	0.49663404056125193	1.24	1.7695999999999998	1.736634040561252
3	2	4	0.04	0.93	0.03	0.5071674178230681	2.1	2.6020000000000003	2.607167417823068
3	1	4	0.56	0.28	0.16	-0.06767160449021903	2.6	2.5504000000000002	2.532328395509781
4	1	2	1	0	0	-0.3137428949947214	4	3.4000000000000004	3.6862571050052786
2	1	3	0.39	0.61	0	0.3886667545016056	1.3900000000000001	1.6536	1.7786667545016057
3	2	4	0.08	0.41	0.51	-0.03800311416675939	3.1	3.13	3.0619968858332407
4	2	1	1	0	0	-0.510773959758656	4	3.6	3.489226040241344
1	4	2	0.34	0.6599999999999999	0	-0.34494377474980586	2.9799999999999995	2.6032	2.6350562252501937
3	4	1	1	0	0	0.29582629456089915	3	3.2	3.295826294560899
3	2	1	1	0	0	-0.052067438120244613	3	2.8000000000000003	2.9479325618797554
4	3	1	0.24	0.7	0.06	-0.30923620326466716	3.1199999999999997	2.9304	2.8107637967353325
1	4	2	0.87	0.13	0	0.6995909282416464	1.3900000000000001	1.7976	2.0895909282416465
3	2	4	0.28	0.72	0	0.35699574599949013	2.2800000000000002	2.6272	2.6369957459994904
4	3	1	0.07	0.9299999999999999	0	-0.391787314326252	3.0700000000000003	2.8328000000000007	2.6782126856737483
4	1	2	0.73	0.06	0.21	-0.5493690406896059	3.4	2.986	2.850630959310394
1	4	3	1	0	0	0.40186571085885925	1	1.5999999999999999	1.4018657108588592
4	2	1	0.82	0.1	0.08	-0.17918939999415961	3.56	3.2664	3.3808106000058404
1	4	3	1	0	0	0.7286935752718233	1	1.5999999999999999	1.7286935752718233
3	1	4	0.46	0.54	0	0.161245700061021	1.9200000000000002	2.2328	2.081245700061021
1	2	3	0.89	0.05	0.06	0.09350547666451692	1.17	1.3356000000000001	1.2635054766645168
2	1	3	1.0	0.0	0	-0.2549845838722793	2.0	1.8	1.7450154161277207
2	4	3	0.4	0.6	0	-0.06855197214533604	3.2	3.048	3.131448027854664
1	4	3	0.69	0.04	0.27	0.28855581206498737	1.6600000000000001	2.0684	1.9485558120649875
2	3	1	0.96	0.040000000000000036	0	0.1568726024234981	2.04	2.2096	2.196872602423498
2	4	1	1	0	0	0.43456658403645054	2	2.4	2.4345665840364505
4	3	1	0.48	0.39	0.13	-0.009072136261227826	3.2199999999999998	3.0876	3.210927863738772
3	2	1	0.05	0.26	0.69	0.09146350527688463	1.3599999999999999	1.5051999999999999	1.4514635052768845
2	3	1	0.32	0.6799999999999999	0	-0.4575477874628988	2.68	2.3632	2.2224522125371013
2	1	3	1	0	0	-0.10996109450200997	2	1.8	1.89003890549799
3	2	1	1	0	0	-0.0648773368286335	3	2.8000000000000003	2.9351226631713665
4	3	2	0.72	0.01	0.27	-0.07577682155736198	3.4499999999999997	3.3703999999999996	3.3742231784426377
3	4	2	1	0	0	0.124172697951062	3	3.2	3.124172697951062
1	3	2	0.57	0.43000000000000005	0	0.047166926756572636	1.8599999999999999	1.8644000000000003	1.9071669267565725
4	1	2	1	0	0	-0.7173430502847329	4	3.4000000000000004	3.282656949715267
2	3	1	0.29	0.13	0.58	0.18255937907440067	1.5499999999999998	1.7439999999999998	1.7325593790744005
3	4	2	0.35	0.53	0.12	-0.18668250671266762	3.41	3.2264	3.2233174932873325
4	1	3	0.35	0.38	0.27	0.06357044043130555	2.59	2.6388	2.6535704404313054
2	3	1	0.14	0.86	0	-0.4450901667980771	2.8600000000000003	2.4064000000000005	2.414909833201923
1	3	4	0.82	0.12	0.06	0.4368090491165999	1.42	1.7167999999999999	1.8568090491165998
3	4	1	0.63	0.05	0.32	0.37353022054690443	2.41	2.6772	2.7835302205469046
3	1	2	0.97	0.030000000000000027	0	-0.16121555177236058	2.9400000000000004	2.5676	2.77878444822764
4	3	1	0.73	0.06	0.21	-0.010061141882672597	3.31	3.242	3.2999388581173275
2	3	1	0.11	0.03	0.86	0.15067998808691652	1.17	1.4848	1.3206799880869164
2	3	4	0.06	0.24	0.7	-0.19556378460091262	3.6399999999999997	3.4936000000000003	3.444436215399087
1	3	4	1	0	0	0.27971573962280716	1	1.4	1.2797157396228072
4	3	1	1	0	0	-0.08878698028827348	4	3.8	3.9112130197117265
2	3	1	1	0	0	0.2555345739051318	2	2.2	2.255534573905132
1	2	4	1	0	0	0.15375448101413158	1	1.2	1.1537544810141316
1	3	2	0.64	0.36	0	0.09724856403551563	1.7200000000000002	1.7888000000000002	1.8172485640355158
3	2	4	1	0	0	-0.02289719349480901	3	2.8000000000000003	2.977102806505191
1	3	2	0.67	0.32999999999999996	0	0.06478160177232462	1.66	1.7564	1.7247816017723245
1	4	2	0.56	0.43999999999999995	0	-0.07260828525931595	2.32	2.2688	2.247391714740684
4	2	1	0.63	0.33	0.04	-0.055037544942527106	3.22	3.0188000000000006	3.164962455057473
3	4	2	1	0	0	0.29548081920155056	3	3.2	3.2954808192015506
4	3	2	0.77	0.22999999999999998	0	-0.22513167915916776	3.77	3.6068	3.5448683208408323
3	2	1	1	0	0	-0.03629922598772861	3	2.8000000000000003	2.9637007740122714
1	3	2	1	0	0	0.26836060978838727	1	1.4	1.2683606097883873
1	4	3	0.32	0.2	0.48	0.09342615796028886	2.56	2.6544	2.653426157960289
1	4	2	0.29	0.34	0.37	-0.04550452093935009	2.39	2.3684000000000003	2.34449547906065
4	3	1	1	0	0	-0.2593162011712047	4	3.8	3.7406837988287953
3	2	4	0.02	0.98	0	0.5757450963222932	2.02	2.5648	2.595745096322293
2	1	3	0.35	0.65	0	0.3779511417811996	1.35	1.6440000000000001	1.7279511417811997
3	1	2	0.61	0.39	0	-0.0053764047740121335	2.22	2.1788000000000003	2.214623595225988
1	3	2	1	0	0	0.5820537208937284	1	1.4	1.5820537208937284
2	3	1	1	0	0	0.2135879686363662	2	2.2	2.213587968636366
3	4	1	1	0	0	0.1793965402838582	3	3.2	3.179396540283858
4	1	2	0.25	0.75	0	0.2592920238711143	1.75	2.1100000000000003	2.0092920238711143
2	3	1	0.61	0.1	0.29	0.26639789617594145	1.81	1.9804	2.0763978961759415
2	1	4	0.24	0.24	0.52	-0.19482419598769773	2.8	2.6431999999999998	2.605175804012302
3	2	4	0.37	0.57	0.06	0.10490168415227741	2.49	2.7135999999999996	2.5949016841522776
1	4	2	1	0	0	0.7298522940086722	1	1.5999999999999999	1.7298522940086722
3	1	4	1	0	0	-0.41784220897085245	3	2.6000000000000005	2.5821577910291476
3	4	2	1	0	0	0.19186150029197968	3	3.2	3.1918615002919797
4	2	1	0.79	0.03	0.18	-0.40685045966455124	3.4000000000000004	3.1380000000000003	2.993149540335449
1	2	3	0.1	0.41	0.49	-0.06149185091220133	2.3899999999999997	2.3087999999999997	2.3285081490877984
3	2	4	0.29	0.71	0	0.243043120601393	2.29	2.6296	2.533043120601393
3	4	1	1	0	0	0.10712167043800447	3	3.2	3.1071216704380045
2	3	1	0.07	0.36	0.57	0.0046928562733712376	1.79	1.8075999999999999	1.7946928562733713
4	2	1	0.61	0.39	0	-0.05668526496921178	3.2199999999999998	3.0228	3.163314735030788
4	2	3	0.36	0.3	0.34	-0.023678490445074196	3.06	3.0312	3.036321509554926
1	2	3	0.13	0.63	0.24	0.0019445117780638732	2.1100000000000003	2.1036	2.111944511778064
4	2	1	0.53	0.01	0.46	-0.07788185864706465	2.6	2.5180000000000002	2.5221181413529354
3	4	1	1	0	0	0.03030347993657667	3	3.2	3.0303034799365767
2	3	1	1	0	0	0.29009799484720356	2	2.2	2.2900979948472036
2	1	3	0.65	0.15	0.2	-0.21307072632318746	2.05	1.9320000000000002	1.8369292736768124
4	1	3	1	0	0	-0.7669354986645303	4	3.4000000000000004	3.2330645013354697
4	2	3	0.48	0.52	0	0.06421858788285029	2.96	3.0383999999999998	3.0242185878828503
3	2	1	1	0	0	-0.18365247988577638	3	2.8000000000000003	2.8163475201142236
3	4	1	1	0	0	0.14715993321561305	3	3.2	3.147159933215613
4	1	3	0.64	0.36	0	-0.15054144432902827	2.92	2.8528000000000002	2.7694585556709717
1	2	3	0.38	0.56	0.06	0.12253673410699095	1.68	1.764	1.802536734106991
2	1	4	1	0	0	-0.18993910719778473	2	1.8	1.8100608928022153
4	1	3	1	0	0	-0.672880918757901	4	3.4000000000000004	3.327119081242099
1	2	4	0.02	0.98	0	-0.011550677060024217	1.98	2.2192000000000003	1.9684493229399758
2	1	3	0.92	0.07	0.01	-0.24589114436692472	1.9400000000000002	1.7916	1.6941088556330754
4	1	3	1	0	0	-0.5040195565523735	4	3.4000000000000004	3.4959804434476265
4	2	1	1	0	0	-0.6273956746751663	4	3.6	3.3726043253248337
3	1	2	1	0	0	-0.15441545179970806	3	2.6000000000000005	2.845584548200292
1	2	4	0.24	0.76	0	0.1471673466752803	1.76	1.9904000000000002	1.9071673466752803
3	2	4	0.38	0.25	0.37	-0.024627336252345255	3.12	3.0508	3.095372663747655
2	1	3	1	0	0	-0.07656627647829994	2	1.8	1.9234337235217
3	4	1	0.57	0.43000000000000005	0	-0.297910623132136	3.43	3.2172	3.132089376867864
3	4	2	0.92	0.08	0.0	0.16443379545318138	3.08	3.2192000000000003	3.2444337954531814
1	3	2	0.38	0.62	0	-0.15225895005212875	2.2399999999999998	2.0696000000000003	2.087741049947871
4	1	2	1	0	0	-0.5888028186659953	4	3.4000000000000004	3.4111971813340047
4	2	3	0.41	0.5900000000000001	0	0.12337454795487268	2.8200000000000003	2.9627999999999997	2.943374547954873
2	1	3	1	0	0	-0.14160982351910079	2	1.8	1.8583901764808992
2	4	1	0.78	0.21	0.01	0.2910543339430589	2.4099999999999997	2.534	2.7010543339430586
2	4	1	0.3	0.7	0	-0.3797758989332083	3.4	2.8759999999999994	3.0202241010667916
1	3	4	0.65	0.19	0.16	0.18674549276919628	1.8600000000000003	2.0524	2.0467454927691966
1	4	2	0.04	0.84	0.12	-0.552205851274969	3.6399999999999997	2.9584000000000006	3.0877941487250307
4	1	2	0.78	0.03	0.19	-0.3216888031062446	3.53	3.0672000000000006	3.208311196893755
3	1	2	0.35	0.31	0.34	-0.019194954122070396	2.04	2.0204000000000004	2.0208050458779296
3	2	1	0.79	0.12	0.09	-0.1265447573528924	2.7	2.5588	2.573455242647108
4	2	1	1	0	0	-0.38495305202821584	4	3.6	3.615046947971784
2	4	3	1	0	0	0.3330108296462675	2	2.4	2.3330108296462675
4	2	3	1	0	0	-0.7051408541788926	4	3.6	3.2948591458211074
3	2	1	1	0	0	-0.28369093034036874	3	2.8000000000000003	2.7163090696596313
1	4	2	0.45	0.55	0	-0.2368030129045131	2.6500000000000004	2.4360000000000004	2.4131969870954872
3	1	2	0.78	0.21999999999999997	0	-0.29959730321404043	2.5599999999999996	2.3624000000000005	2.260402696785959
1	4	2	0.54	0.45999999999999996	0	-0.02472861685732486	2.38	2.2992000000000004	2.355271383142675
4	1	3	0.48	0.52	0	0.18892170017233134	2.44	2.6096000000000004	2.6289217001723313
2	3	4	0.08	0.92	0	0.03378015186463523	2.9200000000000004	2.9728000000000003	2.9537801518646356
2	1	3	1	0	0	-0.29074235688713834	2	1.8	1.7092576431128617
1	3	2	0.09	0.91	0	-0.3392420044276352	2.82	2.3828000000000005	2.4807579955723646
3	2	4	1	0	0	-0.29547063114897254	3	2.8000000000000003	2.7045293688510275
4	3	2	1	0	0	-0.23217047304100014	4	3.8	3.767829526959
3	4	2	1	0	0	0.2881590156455047	3	3.2	3.2881590156455047
2	1	3	1	0	0	-0.2341313723938674	2	1.8	1.7658686276061326
2	4	3	1	0	0	0.7766003125196139	2	2.4	2.776600312519614
3	1	4	0.19	0.21	0.6	-0.4219960156078191	3.1799999999999997	2.9852	2.7580039843921806
4	3	1	0.84	0.16000000000000003	0	-0.21574517358903655	3.84	3.6336	3.6242548264109633
4	1	2	0.93	0.05	0.02	-0.5030072470207121	3.81	3.2844000000000007	3.306992752979288
1	2	3	0.12	0.88	0	0.12348007837046993	1.88	1.9392	2.00348007837047
3	4	2	0.45	0.19	0.36	0.1212759059758044	2.83	2.9432	2.9512759059758045
3	4	2	0.4	0.09	0.51	0.3321815023775896	2.58	2.7932000000000006	2.9121815023775897
3	1	4	1	0	0	-0.5454264992045705	3	2.6000000000000005	2.4545735007954295
3	1	2	0.37	0.31	0.32	-0.008455297135845807	2.06	2.0348	2.0515447028641542
4	2	1	1	0	0	-0.5090744850216553	4	3.6	3.4909255149783447
2	4	3	1	0	0	0.15878760454766994	2	2.4	2.15878760454767
1	3	2	1	0	0	0.2550093587035347	1	1.4	1.2550093587035347
4	1	3	0.28	0.72	0	0.5062621871961752	1.84	2.3056	2.3462621871961753
4	3	2	1	0	0	-0.2889579736044583	4	3.8	3.7110420263955417
1	2	4	0.97	0.030000000000000027	0	0.08664806180710793	1.03	1.2312	1.116648061807108
1	2	3	0.19	0.81	0	-0.08129596244449844	1.81	1.8804	1.7287040375555016
3	1	2	1	0	0	-0.24185186438397555	3	2.6000000000000005	2.7581481356160245
2	4	3	0.4	0.6	0	-0.10108084521019611	3.2	3.048	3.098919154789804
1	4	2	0.76	0.24	0	0.35290144533446033	1.72	1.9648	2.0729014453344603
1	4	3	0.28	0.48	0.24	-0.14297295630439422	2.92	2.7808	2.7770270436956057
2	4	3	0.67	0.32999999999999996	0	0.1508836414054886	2.66	2.7564	2.8108836414054887
2	4	1	1	0	0	0.3134124633797626	2	2.4	2.3134124633797626
2	4	1	0.7	0.30000000000000004	0	0.06804803781446811	2.6	2.604	2.668048037814468
4	2	1	1	0	0	-0.4901991151095402	4	3.6	3.50980088489046
2	4	1	0.62	0.33	0.05	0.07312403241812504	2.61	2.5804	2.683124032418125
2	1	3	0.31	0.07	0.62	-0.37010677136131775	2.55	2.3040000000000003	2.179893228638682
3	4	2	0.81	0.18999999999999995	0	-0.05813768974603617	3.19	3.2456000000000005	3.1318623102539638
2	1	3	1	0	0	-0.23041388036860466	2	1.8	1.7695861196313953
3	1	2	1	0	0	-0.5428847242133079	3	2.6000000000000005	2.457115275786692
1	2	4	1	0	0	0.4093808288238967	1	1.2	1.4093808288238967
1	2	4	0.14	0.86	0	0.48764219128831066	1.8599999999999999	2.0944000000000003	2.3476421912883105
1	2	4	1	0	0	0.19269832297247724	1	1.2	1.1926983229724772
3	4	2	1	0	0	0.2270802279902493	3	3.2	3.2270802279902493
4	1	3	1	0	0	-0.5730745251579599	4	3.4000000000000004	3.42692547484204
4	1	2	0.02	0.31	0.67	0.18973655380475263	1.73	1.8752	1.9197365538047526
1	3	4	0.76	0.21	0.03	0.3135226878116386	1.5100000000000002	1.7803999999999998	1.8235226878116388
1	2	4	0.12	0.88	0	0.12926073658999115	1.88	2.1152	2.009260736589991
4	1	3	1	0	0	-0.5103496395057396	4	3.4000000000000004	3.4896503604942604
4	2	1	0.97	0.030000000000000027	0	-0.3259713552911889	3.94	3.5556	3.614028644708811
4	1	2	0.87	0.13	0	-0.48173463707547626	3.61	3.1764	3.1282653629245236
1	4	3	1	0	0	0.6179488992151958	1	1.5999999999999999	1.6179488992151958
3	2	4	1	0	0	-0.12306979179160349	3	2.8000000000000003	2.8769302082083965
4	1	2	0.28	0.72	0.0	0.33198435168378526	1.84	2.1616	2.1719843516837853
3	1	4	0.26	0.74	0	0.8798554376228731	1.52	2.0968	2.399855437622873
1	3	2	1	0	0	0.4748534294354172	1	1.4	1.4748534294354172
2	4	1	1	0	0	0.32545936417525434	2	2.4	2.3254593641752543
4	1	3	0.21	0.79	0	0.41049842692787797	1.63	2.1992000000000003	2.040498426927878
1	4	2	1	0	0	0.8863686993766153	1	1.5999999999999999	1.8863686993766153
3	1	2	0.77	0.2	0.03	-0.20729251848239238	2.5700000000000003	2.3624000000000005	2.362707481517608
4	1	3	1	0	0	-0.3921663143510421	4	3.4000000000000004	3.607833685648958
2	1	4	1	0	0	-0.13076371089363503	2	1.8	1.869236289106365
1	3	4	0.71	0.29000000000000004	0	0.3741091063050701	1.58	1.8292000000000002	1.9541091063050702
2	3	4	0.63	0.37	0	0.16242994303120284	2.37	2.5108	2.532429943031203
1	2	3	0.08	0.92	0	-0.037435025221195684	1.9200000000000002	1.9728	1.8825649747788045
2	4	3	1	0	0	0.4947134730549454	2	2.4	2.4947134730549454
3	4	1	0.87	0.13	0.0	0.10237517490345205	3.13	3.2052000000000005	3.232375174903452
1	3	4	0.05	0.89	0.06	0.12342412866765962	2.96	2.8564	3.0834241286676596
1	2	4	0.08	0.92	0	-0.16068146780975834	1.9200000000000002	2.1568000000000005	1.7593185321902418
3	1	2	1	0	0	-0.42470399589940033	3	2.6000000000000005	2.5752960041005997
3	2	1	0.96	0.040000000000000036	0	-0.2371463680042898	2.96	2.7664000000000004	2.72285363199571
3	4	1	1	0	0	0.18107758077606517	3	3.2	3.181077580776065
3	4	1	1	0	0	0.24525674431580757	3	3.2	3.2452567443158076
1	2	4	0.69	0.31000000000000005	0	0.1848544846147191	1.31	1.5224000000000002	1.4948544846147191
4	3	2	0.25	0.75	0	-0.08961777831200557	3.25	3.17	3.1603822216879944
2	3	1	0.22	0.21	0.57	0.03099032172145688	1.6400000000000001	1.7716	1.670990321721457
2	1	4	1	0	0	-0.02889258864402322	2	1.8	1.9711074113559768
3	1	4	0.17	0.15	0.68	-0.4012877507328336	3.3800000000000003	3.0964	2.9787122492671667
3	1	2	0.87	0.07	0.06	-0.4192433967696174	2.8	2.4812000000000003	2.3807566032303824
2	3	1	0.68	0.31999999999999995	0	-0.02403298994037284	2.32	2.2768	2.295967010059627
2	3	1	0.69	0.28	0.03	-0.04635140573370755	2.2499999999999996	2.242	2.203648594266292
3	1	4	1	0	0	-0.46804848473987626	3	2.6000000000000005	2.5319515152601237
1	4	2	1	0	0	0.8717976145576896	1	1.5999999999999999	1.8717976145576896
3	2	1	0.9	0.09	0.01	-0.085330841256952	2.89	2.7088000000000005	2.804669158743048
1	4	3	1	0	0	0.48872478750987103	1	1.5999999999999999	1.488724787509871
4	3	2	0.54	0.45999999999999996	0	-0.12521454037086466	3.54	3.4136	3.4147854596291354
4	3	1	0.64	0.34	0.02	-0.38178662130683705	3.6	3.3992	3.218213378693163
1	2	4	0.48	0.03	0.49	-0.14212958645807117	2.5	2.3876	2.357870413541929
4	2	1	0.18	0.8200000000000001	0	-0.1177897014045719	2.3600000000000003	2.3864	2.2422102985954284
2	4	3	0.8	0.19999999999999996	0	-0.04831359012606784	2.4	2.6159999999999997	2.351686409873932
4	1	2	0.71	0.1	0.19	-0.1374280614876593	3.32	2.9468000000000005	3.1825719385123405
4	1	2	0.17	0.51	0.32	0.11791401902252119	1.83	2.0492	1.9479140190225213
2	4	1	1	0	0	0.5370129557679535	2	2.4	2.5370129557679535
2	3	4	0.98	0.020000000000000018	0	0.06265802224177452	2.02	2.2168	2.0826580222417745
1	4	3	1	0	0	0.25229889151439155	1	1.5999999999999999	1.2522988915143916
1	4	3	0.05	0.95	0	-0.19768309052014832	3.8499999999999996	3.234	3.6523169094798513
4	3	1	1	0	0	-0.2532203121164254	4	3.8	3.7467796878835746
4	1	3	1	0	0	-0.6096674399257456	4	3.4000000000000004	3.3903325600742544
3	4	2	1	0	0	0.21468887069700626	3	3.2	3.2146888706970063
2	4	3	0.44	0.56	0	-0.09034453337087989	3.12	3.0048000000000004	3.02965546662912
3	1	4	0.15	0.85	0	0.4128017317198398	1.2999999999999998	2.022	1.7128017317198396
3	2	4	0.7	0.30000000000000004	0	-0.059612451325008475	2.6999999999999997	2.728	2.6403875486749913
2	3	1	1	0	0	0.2989853733288985	2	2.2	2.2989853733288985
3	2	1	1	0	0	-0.3123667285410989	3	2.8000000000000003	2.687633271458901
2	4	3	0.12	0.88	0	-0.38256229087727744	3.76	3.3504	3.3774377091227223
4	1	3	0.86	0.14	0	-0.771950453345748	3.58	3.1872000000000003	2.808049546654252
2	1	3	0.79	0.20999999999999996	0	-0.05182929417537463	1.79	1.7496	1.7381707058246254
2	3	4	1	0	0	0.18893107883538462	2	2.2	2.1889310788353846
3	1	2	0.27	0.72	0.01	0.29677814282228177	1.55	1.8152	1.8467781428222818
1	2	4	0.48	0.07	0.45	-0.03986100967929307	2.42	2.3348	2.380138990320707
3	2	4	1	0	0	-0.28637195290762474	3	2.8000000000000003	2.7136280470923753
3	1	2	0.1	0.9	0	0.3302819275062614	1.2000000000000002	1.628	1.5302819275062616
3	4	2	0.05	0.36	0.59	0.1885709076851465	2.7699999999999996	2.7908	2.958570907685146
3	2	4	0.14	0.47	0.39	0.11053202249733296	2.92	3.0148	3.030532022497333
4	2	1	0.71	0.29000000000000004	0	-0.2661998428731276	3.42	3.1708000000000003	3.1538001571268723
3	4	1	0.16	0.84	0	-0.6848421208264597	3.84	3.2336	3.15515787917354
2	1	4	1	0	0	-0.3078455664674933	2	1.8	1.6921544335325067
3	4	1	1	0	0	0.30345325242929544	3	3.2	3.3034532524292954
3	4	2	1	0	0	0.1451123586742593	3	3.2	3.1451123586742593
4	2	3	0.61	0.27	0.12	-0.1709247658688926	3.34	3.2220000000000004	3.1690752341311073
1	2	3	0.15	0.85	0	0.09664152929042702	1.8499999999999999	1.914	1.9466415292904269
4	1	3	0.95	0.02	0.03	-0.39587443682484524	3.9099999999999997	3.3491999999999997	3.5141255631751545
3	2	1	0.71	0.29000000000000004	0	-0.21236168588162796	2.71	2.5564	2.497638314118372
3	1	4	0.51	0.49	0	0.34285091021176806	2.02	2.2668	2.362850910211768
4	1	2	0.69	0.31000000000000005	0	-0.15415505867372525	3.07	2.8668	2.9158449413262746
2	1	4	0.04	0.28	0.68	-0.29002113388437323	3.08	2.904	2.789978866115627
2	1	3	1	0	0	-0.11617836827425387	2	1.8	1.8838216317257461
4	1	2	0.27	0.66	0.07	0.29621325206101456	1.8800000000000003	2.1612	2.176213252061015
1	4	3	1	0	0	0.6416876725202325	1	1.5999999999999999	1.6416876725202325
4	2	1	0.09	0.91	0	0.04625912629993634	2.18	2.2532	2.2262591262999365
4	1	2	1	0	0	-0.5671757914622653	4	3.4000000000000004	3.4328242085377347
4	3	2	1	0	0	-0.19793855820566275	4	3.8	3.8020614417943372
3	4	2	1	0	0	0.1454767970255877	3	3.2	3.1454767970255877
4	2	3	0.31	0.47	0.22	0.07414685793209497	2.84	2.9339999999999997	2.914146857932095
1	3	2	1	0	0	0.8265164379931114	1	1.4	1.8265164379931114
2	1	3	0.81	0.18999999999999995	0	0.04064293382254336	1.81	1.7544	1.8506429338225434
2	4	1	0.46	0.11	0.43	0.3331554948836617	1.79	2.0964	2.1231554948836617
2	3	1	0.68	0.2	0.12	0.05368163552213767	2.08	2.1472	2.1336816355221377
2	1	4	0.97	0.02	0.01	-0.12844301239562306	2.0	1.8155999999999999	1.871556987604377
4	3	1	1	0	0	-0.1864644126572923	4	3.8	3.8135355873427077
3	1	2	0.04	0.17	0.79	0.017981235899724224	1.87	1.8476000000000001	1.8879812358997243
1	2	4	0.39	0.61	0	0.2729391473636418	1.6099999999999999	1.8344	1.8829391473636417
1	2	4	0.54	0.28	0.18	0.1201668896436261	1.82	1.9160000000000001	1.9401668896436262
3	4	1	0.35	0.65	0	-0.5996078374148834	3.65	3.226	3.0503921625851165
1	4	3	0.51	0.14	0.35	0.20522855995944322	2.12	2.3588	2.3252285599594433
2	3	4	0.02	0.36	0.62	-0.06132009252043469	3.6	3.4696	3.5386799074795654
3	2	1	0.74	0.25	0.01	-0.1715270064783394	2.7299999999999995	2.5744000000000002	2.55847299352166
2	4	3	1	0	0	0.243712873557127	2	2.4	2.243712873557127
3	1	4	1	0	0	-0.3036628693939232	3	2.6000000000000005	2.696337130606077
4	1	3	0.35	0.04	0.61	-0.4799041014362837	3.27	2.9244	2.7900958985637163
4	3	1	0.14	0.86	0	-0.11593350244047063	3.14	2.9056000000000006	3.0240664975595295
3	4	2	0.5	0.5	0	-0.16887083282019688	3.5	3.3200000000000003	3.331129167179803
3	2	1	1	0	0	-0.2487203896388155	3	2.8000000000000003	2.7512796103611845
4	3	1	0.86	0.1	0.04	-0.02618385154039027	3.7800000000000002	3.6016	3.75381614845961
2	1	4	0.18	0.05	0.77	-0.3423225130770602	3.49	3.0608	3.14767748692294
3	4	2	0.92	0.07999999999999996	0	0.159052307221216	3.08	3.2192000000000003	3.239052307221216
4	2	1	0.57	0.43000000000000005	0	-0.25578749848128135	3.1399999999999997	2.9636000000000005	2.8842125015187183
4	3	1	0.76	0.02	0.22	-0.2150434566867121	3.3200000000000003	3.26	3.104956543313288
3	2	1	0.15	0.24	0.61	0.13132241715452664	1.54	1.6468	1.6713224171545267
3	4	2	0.03	0.97	0	-0.5512411063287823	3.9699999999999998	3.4328	3.4187588936712174
2	4	1	0.41	0.14	0.45	0.293207630390816	1.8299999999999998	2.0992	2.123207630390816
1	2	3	1	0	0	0.15734693264067934	1	1.2	1.1573469326406793
2	4	3	0.73	0.27	0	0.38811716408163033	2.54	2.6916	2.9281171640816304
2	1	3	1	0	0	-0.18762423537162531	2	1.8	1.8123757646283747
2	4	1	1	0	0	0.4189113977543695	2	2.4	2.4189113977543695
3	2	1	1	0	0	-0.0756315267338028	3	2.8000000000000003	2.924368473266197
4	3	1	0.23	0.59	0.18	-0.07176580441708191	2.87	2.7616	2.798234195582918
4	1	3	0.72	0.27	0.01	-0.3422531374441524	3.1799999999999997	2.9828	2.8377468625558473
1	4	2	0.46	0.54	0	-0.11071621589572223	2.62	2.4208000000000003	2.509283784104278
3	2	4	1	0	0	-0.21104170903481156	3	2.8000000000000003	2.7889582909651884
3	1	2	0.96	0.04	0.0	0.010329066980564239	2.92	2.5568000000000004	2.930329066980564
3	2	1	0.05	0.31	0.64	0.09685535795387223	1.4100000000000001	1.5412	1.5068553579538724
2	3	4	0.39	0.36	0.25	0.019964456044718748	2.8600000000000003	2.8924000000000003	2.879964456044719
1	2	3	0.93	0.06999999999999995	0	0.13286437691412845	1.0699999999999998	1.2588	1.2028643769141283
3	2	4	0.44	0.06	0.5	-0.11283989391900828	3.44	3.2056000000000004	3.3271601060809917
1	4	3	0.47	0.53	0	-0.1292339461844132	2.59	2.5116	2.4607660538155867
4	3	2	0.17	0.01	0.82	0.1981894200661105	2.35	2.5124	2.5481894200661106
3	2	4	1	0	0	-0.03146376066586587	3	2.8000000000000003	2.968536239334134
4	2	1	1	0	0	-0.4318385489024692	4	3.6	3.568161451097531
2	1	3	0.82	0.04	0.14	-0.15174866014544341	2.1	1.908	1.9482513398545567
4	3	1	0.58	0.42000000000000004	0	-0.08269516270527699	3.58	3.3632	3.497304837294723
3	1	4	0.21	0.38	0.41	0.05110605282551717	2.65	2.7024	2.701106052825517
3	1	4	0.03	0.22	0.75	-0.13685711844342618	3.31	3.1104	3.173142881556574
3	4	2	0.83	0.04	0.13	0.2998387867015886	2.91	3.1004	3.2098387867015887
3	4	1	1	0	0	0.1565678399220678	3	3.2	3.156567839922068
4	2	1	1	0	0	-0.36116069456619604	4	3.6	3.638839305433804
3	2	4	1	0	0	-0.2826185409368951	3	2.8000000000000003	2.717381459063105
3	4	1	0.87	0.13	0.0	-0.09807761263566617	3.13	3.2052000000000005	3.0319223873643337
3	1	4	1	0	0	-0.3701236115994915	3	2.6000000000000005	2.6298763884005085
3	1	2	0.18	0.61	0.21	0.2942010986490424	1.5699999999999998	1.79	1.8642010986490423
4	3	2	0.59	0.41000000000000003	0	-0.235094560375817	3.59	3.4556000000000004	3.354905439624183
2	1	3	0.64	0.36	0	0.1083697329653297	1.6400000000000001	1.7136	1.7483697329653298
2	3	1	0.41	0.27	0.32	0.058034784953636676	1.95	1.9960000000000002	2.0080347849536366
4	3	1	1	0	0	-0.1414059682729265	4	3.8	3.8585940317270735
4	2	3	0.72	0.28	0	-0.2239345139152653	3.44	3.2976	3.2160654860847346
3	2	4	0.07	0.9299999999999999	0	0.27030408933137684	2.07	2.5768	2.3403040893313767
1	3	2	0.27	0.7	0.03	-0.21478447959552938	2.4299999999999997	2.1776000000000004	2.2152155204044703
3	2	1	0.68	0.31999999999999995	0	-0.2666424408715824	2.6799999999999997	2.5312	2.4133575591284173
3	4	2	1	0	0	0.2418449172826489	3	3.2	3.241844917282649
3	2	1	1	0	0	-0.2595507856060326	3	2.8000000000000003	2.7404492143939674
1	3	2	0.46	0.4	0.14	0.004115004453296711	1.9400000000000002	1.9328000000000003	1.9441150044532969
1	3	2	0.71	0.29000000000000004	0	0.12927667242641983	1.58	1.7132	1.70927667242642
3	2	4	0.51	0.49	0.0	0.25632071760507413	2.51	2.6824000000000003	2.766320717605074
1	2	4	0.25	0.56	0.19	0.0013385272758377198	2.13	2.2308000000000003	2.1313385272758376
4	2	1	0.48	0.52	0	-0.08070085325252396	2.96	2.8304	2.879299146747476
2	3	4	0.77	0.22999999999999998	0	0.22376472926443602	2.23	2.3932	2.453764729264436
1	4	3	1	0	0	0.6050754316956024	1	1.5999999999999999	1.6050754316956024
2	4	1	0.5	0.5	0	-0.261530103944418	3.0	2.74	2.738469896055582
3	4	2	0.58	0.42000000000000004	0	-0.08026654000572364	3.42	3.3007999999999997	3.3397334599942763
2	4	3	0.97	0.01	0.02	0.31503424607414177	2.04	2.4252	2.355034246074142
1	3	4	0.85	0.06	0.09	0.4212602132925709	1.3900000000000001	1.6976	1.811260213292571
3	1	4	0.73	0.06	0.21	-0.1368189830027733	3.09	2.744	2.9531810169972266
3	1	2	1	0	0	-0.2340439276402333	3	2.6000000000000005	2.7659560723597667
2	1	3	0.72	0.21	0.07	-0.05483123725894545	1.8599999999999999	1.8084	1.8051687627410544
1	2	3	0.94	0.06000000000000005	0	0.16625480089735256	1.06	1.2504	1.2262548008973526
1	3	2	1	0	0	0.3224426606241575	1	1.4	1.3224426606241575
3	4	2	1	0	0	0.26606965629990853	3	3.2	3.2660696562999085
2	1	3	0.48	0.52	0	0.3659469498237822	1.48	1.6751999999999998	1.8459469498237822
2	3	1	0.76	0.06	0.18	0.3052596468522246	1.88	2.0632	2.1852596468522245
1	2	4	1	0	0	0.37973293605740555	1	1.2	1.3797329360574055
2	1	3	0.88	0.12	0	-0.26384006663543325	1.88	1.7712	1.6161599333645666
4	2	3	1	0	0	-0.4106001741002774	4	3.6	3.5893998258997226
1	4	2	1	0	0	0.27185791441110396	1	1.5999999999999999	1.271857914411104
3	2	1	1	0	0	-0.14341898595625224	3	2.8000000000000003	2.8565810140437478
3	2	1	0.68	0.31999999999999995	0	-0.17290165745674413	2.6799999999999997	2.5312	2.5070983425432556
3	4	2	1	0	0	0.0	3	3.2	3.0
4	1	2	0.32	0.6799999999999999	0	0.22927020310475088	1.96	2.2304	2.189270203104751
3	1	2	0.61	0.39	0	-0.028718535927299893	2.22	2.1788000000000003	2.1912814640727003
1	3	4	1	0	0	0.3724133324572052	1	1.4	1.3724133324572052
2	4	1	0.02	0.51	0.47	-0.2531347595597411	2.55	2.3331999999999997	2.2968652404402587
3	1	2	0.21	0.53	0.26	0.1717208157070289	1.6800000000000002	1.8403999999999998	1.851720815707029
2	3	4	0.17	0.58	0.25	-0.023221051156730788	3.0799999999999996	3.0772	3.056778948843269
2	4	3	0.07	0.9299999999999999	0	-0.15068537385533398	3.86	3.4044000000000003	3.709314626144666
3	4	2	0.58	0.24	0.18	-0.01992526682936724	3.0599999999999996	3.1064	3.0400747331706324
3	2	4	1	0	0	-0.3360831934725246	3	2.8000000000000003	2.6639168065274754
3	2	1	0.14	0.83	0.03	0.025925821938469262	2.11	2.056	2.135925821938469
3	2	1	1	0	0	-0.11573092394405826	3	2.8000000000000003	2.8842690760559417
3	2	4	0.84	0.16000000000000003	0	-0.1474228640337789	2.84	2.7616000000000005	2.692577135966221
4	3	2	0.71	0.03	0.26	-0.00181487325060381	3.4499999999999997	3.3692	3.448185126749396
2	3	1	0.52	0.12	0.36	0.18716803606626553	1.7599999999999998	1.9264000000000001	1.9471680360662653
3	4	1	0.14	0.45	0.41	-0.07060656188484016	2.6300000000000003	2.5456000000000003	2.55939343811516
4	3	1	1	0	0	-0.1920034539714326	4	3.8	3.8079965460285674
3	1	4	0.64	0.36	0	-0.005999220104687897	2.28	2.3552	2.274000779895312
4	2	3	0.25	0.39	0.36	0.06579278314538861	2.8600000000000003	2.9196	2.925792783145389
1	2	4	0.22	0.78	0	-0.10889680211815111	1.78	2.0112000000000005	1.671103197881849
4	3	1	1	0	0	-0.2652389855156012	4	3.8	3.734761014484399
4	1	3	0.42	0.54	0.04	0.16270850329160647	2.34	2.552	2.5027085032916063
1	4	3	1	0	0	0.45719580566745566	1	1.5999999999999999	1.4571958056674557
1	2	4	1	0	0	0.3954918336816986	1	1.2	1.3954918336816986
3	1	4	1	0	0	-0.2751054543192568	3	2.6000000000000005	2.724894545680743
4	2	3	0.54	0.4	0.06	0.029007121993772866	3.14	3.1248	3.169007121993773
4	3	2	0.27	0.73	0	-0.16215566228623013	3.27	3.1868	3.10784433771377
4	3	1	0.14	0.19	0.67	0.19392014627724796	1.8000000000000003	2.0212	1.9939201462772482
3	1	2	1	0	0	-0.4112150712278364	3	2.6000000000000005	2.5887849287721636
1	2	4	0.3	0.14	0.56	-0.18585951382307897	2.8200000000000003	2.6672000000000002	2.6341404861769213
3	1	2	0.32	0.21	0.47	-0.08152689848214623	2.11	2.0348	2.0284731015178536
3	4	1	1	0	0	0.06352865306704736	3	3.2	3.0635286530670474
4	2	3	0.07	0.9299999999999999	0	0.1529467544721741	2.1399999999999997	2.5955999999999997	2.2929467544721738
1	3	4	1	0	0	0.5050220256172762	1	1.4	1.5050220256172762
4	3	1	0.91	0.04	0.05	-0.17812628627728655	3.81	3.6403999999999996	3.6318737137227135
1	4	2	1	0	0	0.4746365584523431	1	1.5999999999999999	1.474636558452343
2	1	4	0.17	0.83	0	0.4422948212430855	1.17	1.7667999999999997	1.6122948212430854
4	2	1	0.37	0.63	0	-0.04024593245957142	2.74	2.6676	2.699754067540429
4	1	3	1	0	0	0.0	4	3.4000000000000004	4.0
2	3	4	0.49	0.01	0.5	-0.0177899095003049	3.01	2.9884000000000004	2.992210090499695
1	2	3	1	0	0	0.16117523919762422	1	1.2	1.1611752391976242
3	1	2	0.11	0.89	0	0.29206374840519356	1.22	1.6387999999999998	1.5120637484051935
2	1	4	0.41	0.02	0.57	-0.4155583102611158	3.1199999999999997	2.734	2.704441689738884
3	1	2	1	0	0	0.0	3	2.6000000000000005	3.0
1	3	4	1	0	0	0.6849759949003622	1	1.4	1.6849759949003622
1	2	3	0.82	0.12	0.06	0.26841704662735233	1.24	1.3943999999999999	1.5084170466273523
4	2	3	0.24	0.76	0	0.2590072673754338	2.48	2.7792	2.7390072673754338
3	4	2	0.86	0.13	0.01	0.04672003782977674	3.12	3.2228000000000003	3.166720037829777
2	3	1	1	0	0	0.16530586378194734	2	2.2	2.1653058637819473
2	4	3	0.57	0.43000000000000005	0	-0.023118830105483656	2.8600000000000003	2.8644000000000003	2.8368811698945167
1	3	4	1	0	0	0.5357410919333809	1	1.4	1.535741091933381
4	1	3	1	0	0	-0.4475650589980198	4	3.4000000000000004	3.55243494100198
4	1	3	0.74	0.26	0	0.06950044193958549	3.2199999999999998	3.0048	3.2895004419395852
3	1	4	0.36	0.54	0.1	0.2991719063216678	2.02	2.3208	2.319171906321668
2	1	3	0.93	0.05	0.02	-0.28613996195555313	1.9700000000000002	1.8048000000000002	1.683860038044447
2	4	3	0.61	0.16	0.23	0.21559813793456062	2.55	2.7384	2.7655981379345604
1	3	2	1	0	0	0.20105477506147595	1	1.4	1.201054775061476
1	3	4	0.35	0.12	0.53	0.069346673374163	2.83	2.8072	2.899346673374163
1	2	3	1	0	0	0.33228345281762395	1	1.2	1.332283452817624
2	4	1	1	0	0	0.2674490750010081	2	2.4	2.267449075001008
2	1	3	0.44	0.56	0	0.1858355424910758	1.44	1.6656	1.6258355424910758
2	3	4	0.29	0.34	0.37	-0.013373355377289897	3.08	3.0628	3.06662664462271
4	1	2	0.73	0.27	0.0	-0.24949410071036393	3.19	2.9356	2.940505899289636
2	3	4	0.3	0.7	0	0.11084239484230496	2.6999999999999997	2.788	2.8108423948423047
2	3	4	0.39	0.61	0	0.12505883195534206	2.6100000000000003	2.7124	2.7350588319553424
3	2	1	1	0	0	-0.09794455929076396	3	2.8000000000000003	2.902055440709236
3	1	4	1	0	0	-0.5017117656037491	3	2.6000000000000005	2.498288234396251
1	4	2	1	0	0	0.5237983907873032	1	1.5999999999999999	1.5237983907873032
2	4	1	1	0	0	0.5043882894806879	2	2.4	2.504388289480688
3	1	4	0.17	0.62	0.21	0.21041264734133813	1.9699999999999998	2.3632	2.180412647341338
3	2	1	0.97	0.030000000000000027	0	-0.27848243753394053	2.97	2.7748000000000004	2.6915175624660597
3	2	4	0.32	0.6799999999999999	0	0.15586336277512336	2.32	2.6368	2.475863362775123
3	4	1	0.13	0.69	0.18	-0.30918435424017554	3.33	2.9323999999999995	3.0208156457598245
3	2	4	1	0	0	-0.3383749860379073	3	2.8000000000000003	2.6616250139620927
1	4	3	1	0	0	0.6190630700442847	1	1.5999999999999999	1.6190630700442847
2	4	1	0.11	0.89	0	-0.6735395933817796	3.7800000000000002	3.0052000000000003	3.1064604066182206
3	1	4	1	0	0	-0.43334575603301584	3	2.6000000000000005	2.566654243966984
4	3	2	0.7	0.01	0.29	-0.03507320311402973	3.4099999999999997	3.3391999999999995	3.37492679688597
2	4	1	0.69	0.25	0.06	0.17544970286423167	2.44	2.5172000000000003	2.6154497028642316
2	4	1	0.78	0.19	0.03	-0.08760925755027538	2.35	2.5027999999999997	2.2623907424497247
3	4	2	1	0	0	0.2578211920005158	3	3.2	3.257821192000516
2	4	3	0.5	0.5	0	-0.009660020527770818	3.0	2.9400000000000004	2.990339979472229
1	4	2	0.26	0.41	0.33	-0.1160324317300172	2.56	2.4476	2.443967568269983
3	1	4	1	0	0	-0.5419915837271434	3	2.6000000000000005	2.4580084162728566
4	2	3	0.79	0.1	0.11	-0.2920150473892966	3.6900000000000004	3.4128000000000003	3.3979849526107038
2	3	4	0.1	0.9	0	0.11857570294342246	2.9000000000000004	2.9560000000000004	3.018575702943423
3	4	2	0.32	0.39	0.29	-0.072105283389297	3.1	3.05	3.027894716610703
4	1	2	1	0	0	-0.2850955950036651	4	3.4000000000000004	3.714904404996335
2	4	3	0.2	0.19	0.61	0.038763771451424844	2.99	3.0444	3.028763771451425
4	2	1	1	0	0	-0.6396744193189372	4	3.6	3.360325580681063
3	4	2	1	0	0	0.29974814336204014	3	3.2	3.29974814336204
4	2	3	0.4	0.6	0	0.19187720505685846	2.8	2.952	2.9918772050568583
4	1	2	1	0	0	-0.8861562956061197	4	3.4000000000000004	3.1138437043938803
1	4	2	0.13	0.87	0	-0.9230677373245566	3.61	2.9224000000000006	2.6869322626754433
3	4	1	0.09	0.91	0	-0.5853251772733694	3.91	3.2364	3.3246748227266307
1	3	4	0.6	0.4	0	0.2688228155443384	1.8000000000000003	1.992	2.0688228155443387
3	1	2	1	0	0	-0.20006212269572865	3	2.6000000000000005	2.7999378773042713
4	2	3	1	0	0	-0.1493748821619434	4	3.6	3.8506251178380566
1	2	3	0.31	0.69	0	0.22650621286443684	1.69	1.7795999999999998	1.9165062128644368
3	4	1	0.3	0.7	0	-0.564683773968564	3.6999999999999997	3.2279999999999998	3.135316226031436
3	4	2	0.81	0.18999999999999995	0	-0.06717794438688429	3.19	3.2456000000000005	3.1228220556131157
2	3	1	1	0	0	0.3138534289432884	2	2.2	2.3138534289432884
3	4	2	0.45	0.55	0	-0.22221400114544831	3.5500000000000003	3.3320000000000003	3.327785998854552
4	2	1	1	0	0	-0.5842813709773917	4	3.6	3.4157186290226083
4	2	1	1	0	0	-0.2704591512462744	4	3.6	3.7295408487537256
3	4	2	0.7	0.03	0.27	0.14428371417503438	2.76	2.9804	2.904283714175034
4	3	2	1	0	0	-0.11617580018376383	4	3.8	3.883824199816236
3	4	2	1	0	0	0.3356189604233957	3	3.2	3.3356189604233957
4	2	3	0.38	0.62	0	0.22372679535835616	2.76	2.9303999999999997	2.983726795358356
2	4	3	0.05	0.16	0.79	0.002651097923628498	3.1100000000000003	3.1416000000000004	3.112651097923629
3	2	4	1	0	0	-0.2592088195215796	3	2.8000000000000003	2.7407911804784204
3	1	4	0.06	0.94	0	0.5454188381069687	1.1199999999999999	1.9607999999999994	1.6654188381069686
1	2	3	0.08	0.05	0.87	-0.1730403792273596	2.79	2.5992	2.6169596207726404
1	2	4	0.47	0.53	0	0.3480716405398554	1.53	1.7512000000000003	1.8780716405398554
3	1	4	0.47	0.53	0	0.4687400515482274	1.94	2.2396000000000003	2.4087400515482273
4	1	2	0.13	0.87	0	0.3159138946472184	1.3900000000000001	1.9036	1.7059138946472185
2	3	1	1	0	0	0.28142907564856046	2	2.2	2.2814290756485605
2	3	4	1	0	0	0.15400578853078262	2	2.2	2.1540057885307826
2	1	4	0.45	0.13	0.42	-0.21185808516135207	2.71	2.4836	2.498141914838648
3	1	4	0.33	0.17	0.5	-0.11742536806022308	3.16	2.9244000000000003	3.042574631939777
4	2	3	1	0	0	-0.7984459038908285	4	3.6	3.2015540961091715
3	2	4	1	0	0	-0.1671416836764159	3	2.8000000000000003	2.832858316323584
2	3	1	0.37	0.24	0.39	0.07794875183161176	1.85	1.9300000000000002	1.9279487518316119
2	4	1	0.46	0.35	0.19	-0.0328611080414043	2.51	2.4708	2.4771388919585955
2	4	3	0.79	0.20999999999999996	0	0.12874529693084513	2.42	2.6268	2.548745296930845
3	2	4	0.33	0.6699999999999999	0	0.3443735997262305	2.33	2.6391999999999998	2.6743735997262306
2	4	3	0.15	0.32	0.53	-0.01955328538673884	3.17	3.1272	3.150446714613261
2	1	4	1	0	0	-0.0912911709385269	2	1.8	1.908708829061473
1	3	4	0.4	0.6	0	0.05966256695065786	2.1999999999999997	2.2880000000000003	2.2596625669506576
1	3	2	0.61	0.39	0	0.021482233414807705	1.7799999999999998	1.8212000000000002	1.8014822334148075
4	2	1	0.64	0.36	0	-0.24208850929769987	3.2800000000000002	3.0672	3.0379114907023004
4	3	2	0.75	0.25	0	-0.1699143657902158	3.75	3.59	3.580085634209784
2	4	1	1	0	0	0.2949845653159189	2	2.4	2.294984565315919
3	1	4	1	0	0	-0.45298245058617237	3	2.6000000000000005	2.5470175494138276
4	2	1	0.48	0.52	0	-0.08279519541428115	2.96	2.8304	2.877204804585719
2	3	4	1	0	0	0.33046369467203984	2	2.2	2.33046369467204
2	1	3	0.42	0.5800000000000001	0	0.4529329416936625	1.42	1.6608	1.8729329416936624
3	2	1	1	0	0	-0.17274052129037276	3	2.8000000000000003	2.8272594787096272
1	4	2	0.55	0.27	0.18	0.094615047755088	1.9900000000000002	2.1328	2.084615047755088
3	2	4	1	0	0	-0.38467417007112115	3	2.8000000000000003	2.615325829928879
1	4	2	1	0	0	0.5502984656986465	1	1.5999999999999999	1.5502984656986465
3	4	1	1	0	0	0.14712106862800756	3	3.2	3.1471210686280076
1	3	4	0.61	0.02	0.37	0.05400397864916817	2.15	2.2880000000000003	2.204003978649168
2	4	3	0.35	0.42	0.23	-0.0599917491835642	3.07	3.0192	3.0100082508164356
3	4	1	0.68	0.31999999999999995	0	-0.0274340212835944	3.32	3.2128	3.2925659787164054
4	1	2	0.61	0.39	0	-0.14363233406758225	2.83	2.7292000000000005	2.686367665932418
2	3	4	0.2	0.22	0.58	-0.08038039187219326	3.38	3.2896	3.2996196081278066
4	3	2	0.74	0.24	0.02	-0.17803447752828028	3.7199999999999998	3.5671999999999997	3.5419655224717195
1	3	4	1	0	0	0.16601258141875674	1	1.4	1.1660125814187567
1	4	2	1	0	0	0.44547849028015385	1	1.5999999999999999	1.4454784902801538
1	3	2	0.12	0.61	0.27	-0.24149179138174492	2.49	2.2532	2.2485082086182553
3	1	2	1	0	0	-0.21154174999442166	3	2.6000000000000005	2.7884582500055783
3	2	1	1	0	0	-0.207785137686888	3	2.8000000000000003	2.792214862313112
2	4	3	0.24	0.06	0.7	0.17554886499073152	2.8199999999999994	2.9688	2.995548864990731
3	2	1	1	0	0	-0.059184895830443285	3	2.8000000000000003	2.9408151041695567
3	1	4	0.37	0.63	0	0.6507496129513588	1.7399999999999998	2.1715999999999998	2.3907496129513586
3	2	4	0.3	0.03	0.67	-0.29016935243447106	3.64	3.3556	3.349830647565529
1	3	2	1	0	0	0.4202897672148207	1	1.4	1.4202897672148207
3	4	2	1	0	0	0.19615034394738862	3	3.2	3.1961503439473886
2	4	3	1	0	0	0.6917211467397566	2	2.4	2.6917211467397566
1	3	2	0.39	0.57	0.04	-0.16154925167820355	2.18	2.0444	2.0184507483217966
4	3	2	1	0	0	-0.25628232481627844	4	3.8	3.7437176751837216
1	2	3	0.09	0.71	0.2	-0.0791788353413998	2.1100000000000003	2.1084	2.0308211646586005
4	2	1	0.45	0.55	0	-0.14869006932366569	2.9000000000000004	2.7860000000000005	2.7513099306763347
4	1	2	1	0	0	-0.9833228924100768	4	3.4000000000000004	3.0166771075899232
4	3	1	0.58	0.42000000000000004	0	-0.20137611478390438	3.58	3.3632	3.3786238852160957
2	1	4	0.69	0.27	0.04	0.1381245096337731	1.8099999999999998	1.8548	1.948124509633773
2	3	4	1	0	0	0.17867426316446622	2	2.2	2.178674263164466
1	3	4	0.47	0.53	0	0.0914108481819369	2.06	2.1844	2.151410848181937
2	1	4	1	0	0	-0.11855492771614484	2	1.8	1.8814450722838552
1	3	2	0.74	0.26	0	0.09046198785935511	1.52	1.6808	1.6104619878593551
4	3	2	1	0	0	-0.2188354405133004	4	3.8	3.7811645594866996
3	4	2	0.8	0.19999999999999996	0	0.19195937858422285	3.2	3.248	3.391959378584223
4	3	1	0.13	0.87	0	-0.40390347497381907	3.13	2.895200000000001	2.726096525026181
4	3	1	1.0	0.0	0	-0.15034866880547515	4.0	3.8	3.849651331194525
1	3	2	0.9	0.02	0.08	0.26450245589855603	1.1199999999999999	1.4792	1.384502455898556
1	2	3	0.89	0.10999999999999999	0	0.09842258462081488	1.1099999999999999	1.2924	1.2084225846208148
3	2	1	1	0	0	-0.09949188346879145	3	2.8000000000000003	2.9005081165312085
4	2	1	0.91	0.03	0.06	-0.3660227027238485	3.7600000000000002	3.4164000000000003	3.3939772972761517
2	3	4	1	0	0	0.22876958229225464	2	2.2	2.2287695822922546
1	3	4	0.43	0.5700000000000001	0	0.1230947451273483	2.14	2.2436000000000003	2.2630947451273484
2	4	3	1	0	0	0.7073356754653712	2	2.4	2.7073356754653712
4	2	1	1	0	0	-0.21773054263824987	4	3.6	3.78226945736175
1	3	4	0.12	0.85	0.03	-0.14858297215421157	2.79	2.7276000000000007	2.6414170278457885
3	1	4	0.85	0.07	0.08	-0.3462796499621623	2.9399999999999995	2.6228000000000002	2.593720350037837
4	3	2	0.4	0.6	0	-0.11311232622089706	3.4	3.2960000000000003	3.286887673779103
1	2	4	1	0	0	0.3632616603207315	1	1.2	1.3632616603207315
1	3	2	0.75	0.16	0.09	0.16285168723336296	1.41	1.6376	1.5728516872333629
3	1	2	1	0	0	-0.2699667560034582	3	2.6000000000000005	2.730033243996542
2	4	3	1	0	0	0.2603234860011536	2	2.4	2.2603234860011536
3	2	4	0.3	0.7	0	0.12099400993646725	2.3	2.6319999999999997	2.420994009936467
4	1	3	0.93	0.05	0.02	-0.5322176468478914	3.83	3.3104000000000005	3.2977823531521087
1	4	3	0.49	0.51	0	-0.0481975535292678	2.5300000000000002	2.4772000000000003	2.4818024464707324
2	3	4	0.69	0.31000000000000005	0	0.2014761662285256	2.31	2.4604	2.5114761662285257
4	3	1	0.88	0.08	0.04	-0.23721478117029093	3.8	3.6224	3.562785218829709
4	2	3	0.95	0.04	0.01	-0.4741328094786521	3.9099999999999997	3.5496	3.4358671905213476
1	2	4	1	0	0	0.29602881240684087	1	1.2	1.2960288124068409
3	1	2	0.95	0.03	0.02	-0.3197492844936325	2.9199999999999995	2.5532	2.600250715506367
4	1	2	0.27	0.12	0.61	-0.12559804414747822	2.42	2.2908	2.2944019558525217
4	3	1	0.02	0.34	0.64	0.12131072061674297	1.7400000000000002	1.9360000000000004	1.8613107206167432
2	3	4	0.22	0.78	0	0.3000366674596284	2.78	2.8552	3.0800366674596282
1	2	3	0.65	0.35	0	0.13754926948295276	1.35	1.494	1.4875492694829529
1	2	4	0.2	0.07	0.73	-0.38522228401117653	3.26	2.9955999999999996	2.8747777159888233
2	4	3	1	0	0	0.3688701489009203	2	2.4	2.3688701489009203
2	4	3	1.0	0.0	0	0.3311881214558854	2.0	2.4	2.3311881214558854
1	3	4	1	0	0	0.3579696752045811	1	1.4	1.3579696752045811
3	2	1	0.96	0.040000000000000036	0	-0.16230299951237237	2.96	2.7664000000000004	2.7976970004876276
1	2	4	0.43	0.13	0.44	-0.12975102172811503	2.45	2.3736	2.320248978271885
1	2	3	0.2	0.41	0.39	-0.061246005013213534	2.19	2.1528	2.1287539949867864
4	3	2	0.83	0.17000000000000004	0	-0.11620139975288701	3.83	3.6572	3.713798600247113
2	3	4	0.07	0.9299999999999999	0	0.09499016603374111	2.93	2.9812	3.0249901660337413
2	4	3	1	0	0	0.2763655907766389	2	2.4	2.276365590776639
2	1	4	0.87	0.13	0	-0.1346977115745298	1.87	1.7948	1.7353022884254703
4	3	1	0.28	0.67	0.05	-0.15857053955491063	3.18	2.9852000000000007	3.0214294604450895
2	1	3	0.7	0.30000000000000004	0	-0.015251442969436368	1.7	1.728	1.6847485570305636
2	4	3	1	0	0	0.45879852315105474	2	2.4	2.4587985231510547
3	2	1	0.61	0.11	0.28	-0.01655763840306612	2.33	2.2708000000000004	2.313442361596934
4	1	3	1	0	0	-0.7218003477550718	4	3.4000000000000004	3.278199652244928
2	1	4	0.35	0.65	0	0.3496770517076504	1.35	1.774	1.6996770517076505
3	2	1	0.85	0.15	0.0	-0.2522540004993239	2.8499999999999996	2.6740000000000004	2.5977459995006758
3	2	1	0.83	0.17000000000000004	0	-0.18389903794866846	2.83	2.6572000000000005	2.6461009620513316
2	3	4	1	0	0	0.365963090780415	2	2.2	2.365963090780415
1	3	4	0.19	0.81	0	-0.3010023355669613	2.62	2.5988	2.318997664433039
1	2	3	0.81	0.12	0.07	0.1477436838306858	1.26	1.41	1.4077436838306858
1	3	4	0.1	0.9	0	0.0856576190229732	2.8000000000000003	2.7320000000000007	2.8856576190229735
3	4	1	0.22	0.04	0.74	0.4568437163319934	1.56	1.988	2.0168437163319934
4	3	2	1	0	0	-0.23296701180051116	4	3.8	3.767032988199489
4	3	1	0.92	0.01	0.07	-0.1562767898419697	3.78	3.6244	3.62372321015803
2	4	3	0.24	0.76	0	-0.2810814261615797	3.52	3.2208000000000006	3.2389185738384203
1	3	4	1	0	0	0.45011129718801435	1	1.4	1.4501112971880143
4	1	3	0.21	0.2	0.59	-0.06373339130052313	2.81	2.6948	2.746266608699477
